,Y_true,Y_pred_0,Y_pred_1,Y_pred_2,Y_pred_3,Y_pred_4,Y_pred_5,Y_pred_6,Y_pred_7,Y_pred_8,Y_pred_9
0,0,1,0,0,1,0,0,0,1,1,0
1,0,1,1,0,1,1,1,1,0,1,0
2,1,0,1,1,0,0,0,1,1,0,1
3,1,1,0,0,1,0,1,0,0,0,1
4,0,1,0,1,1,0,1,0,0,1,1
5,1,1,1,1,0,0,0,1,0,1,0
6,1,0,0,0,1,1,0,0,0,0,1
7,1,1,1,0,1,1,1,0,1,1,1
8,1,0,0,1,0,1,0,1,0,0,0
9,0,1,1,0,0,0,0,0,1,0,1
10,0,0,1,0,1,0,0,0,1,0,0
11,1,1,1,1,1,0,0,1,0,0,1
12,0,1,1,1,0,1,0,0,0,0,1
13,1,0,0,1,1,1,1,1,0,0,0
14,0,1,1,1,1,0,1,1,1,0,0
15,0,0,0,1,0,1,0,1,0,0,1
16,1,0,0,0,0,0,0,0,0,1,1
17,1,0,1,0,1,0,0,0,0,0,0
18,1,1,1,0,1,1,0,0,0,0,1
19,1,0,0,1,1,0,0,1,0,1,0
20,1,1,0,0,0,0,1,0,1,0,0
21,1,0,1,1,0,0,1,0,1,0,1
22,1,0,0,0,0,0,0,1,1,0,1
23,0,1,1,1,1,0,0,1,1,0,0
24,0,0,1,1,0,0,1,0,1,1,0
25,1,0,1,0,1,1,0,1,0,0,1
26,1,0,0,0,1,1,1,0,1,1,1
27,0,1,1,0,0,0,0,1,1,1,0
28,1,0,1,1,0,1,1,0,1,0,0
29,1,1,0,1,0,0,1,0,0,1,1
30,1,0,1,0,0,0,1,1,0,1,1
31,1,1,1,1,0,1,1,0,1,1,1
32,1,0,0,1,0,0,1,0,0,0,1
33,0,0,1,0,1,0,0,0,1,0,0
34,1,1,0,1,1,0,0,0,1,0,1
35,0,1,0,0,0,0,1,1,1,0,0
36,1,1,0,0,1,0,1,1,0,0,1
37,0,1,0,0,0,1,1,0,1,0,0
38,1,1,0,1,0,0,1,1,1,0,0
39,0,1,0,0,1,0,1,0,0,0,1
40,0,1,1,0,0,1,1,1,1,1,1
41,0,0,1,0,0,0,1,1,0,0,1
42,0,1,0,1,1,0,1,1,1,1,0
43,0,0,1,1,1,1,1,1,1,1,1
44,1,1,0,1,1,1,1,0,1,0,0
45,1,1,0,1,0,1,0,0,1,1,1
46,0,0,1,0,1,0,1,0,1,1,0
47,0,0,1,0,0,0,0,1,0,0,1
48,1,1,0,1,0,0,0,0,0,0,0
49,0,0,1,0,0,0,1,1,1,0,1
50,0,1,0,1,0,1,0,1,1,1,0
51,0,0,1,1,0,1,1,0,0,0,1
52,1,1,0,1,1,1,0,1,0,0,1
53,0,1,1,0,0,0,1,1,1,1,0
54,1,1,1,1,0,1,1,0,0,0,0
55,1,0,1,0,0,1,1,0,0,1,1
56,1,0,1,1,0,1,0,1,0,1,0
57,1,0,1,0,0,0,0,1,1,0,0
58,0,1,1,1,0,1,1,0,0,0,0
59,0,0,1,0,1,0,0,1,0,1,1
60,0,0,0,0,1,1,0,0,1,1,1
61,0,0,0,0,0,1,1,0,1,0,0
62,1,1,0,1,1,0,0,0,1,1,1
63,0,1,0,1,0,0,1,1,1,0,0
64,0,1,1,1,1,1,1,1,1,1,0
65,0,0,1,0,1,0,0,0,0,0,1
66,0,0,1,1,1,0,1,0,1,1,0
67,1,0,0,0,0,1,1,0,0,1,0
68,0,1,0,0,0,1,1,0,1,0,0
69,1,1,1,1,1,0,1,0,0,1,0
70,0,1,0,1,0,0,1,0,1,1,0
71,0,1,0,0,1,0,0,0,1,0,1
72,0,0,0,0,0,1,0,1,0,0,0
73,0,1,1,0,1,0,1,1,1,1,1
74,1,0,0,1,0,1,0,1,0,1,1
75,0,0,0,1,1,0,1,0,1,1,0
76,0,1,1,1,1,0,1,0,1,0,1
77,0,0,0,0,0,0,1,1,0,1,1
78,0,0,0,1,1,0,0,1,1,1,0
79,1,0,0,0,1,1,1,1,1,1,0
80,1,0,0,0,1,1,1,1,1,0,1
81,1,0,0,1,0,1,1,1,0,0,1
82,0,1,0,1,0,1,1,1,0,1,1
83,1,1,0,1,1,1,0,0,0,1,1
84,1,0,0,0,0,0,0,1,0,0,1
85,1,1,1,0,0,1,0,1,1,1,1
86,0,0,0,0,1,1,0,1,1,0,1
87,1,0,0,1,0,0,0,0,0,1,0
88,1,0,1,0,1,0,1,0,0,0,0
89,0,1,1,0,0,1,0,1,0,1,0
90,1,0,0,1,1,0,1,0,0,1,0
91,0,0,0,0,0,1,0,1,1,0,0
92,1,0,0,1,0,0,1,1,0,0,1
93,1,1,0,0,1,0,1,0,0,1,0
94,0,0,0,0,1,0,0,1,0,0,1
95,1,1,1,0,1,1,0,1,0,0,1
96,0,1,0,0,0,1,0,1,0,0,0
97,1,1,1,1,0,1,0,1,0,1,1
98,0,0,1,1,0,1,0,1,1,1,1
99,0,1,1,1,1,1,0,1,1,0,0
100,0,0,1,1,1,0,0,0,1,1,1
101,1,0,0,0,0,1,0,0,0,0,1
102,1,0,1,1,0,1,1,0,1,0,0
103,0,1,0,1,0,0,0,1,0,1,0
104,0,0,0,1,1,0,0,0,0,1,0
105,1,0,0,0,1,0,0,1,0,0,0
106,0,1,0,0,0,1,0,1,1,0,1
107,0,1,1,0,0,0,0,1,1,1,0
108,0,1,0,1,0,0,0,1,0,0,0
109,0,1,1,1,1,0,1,0,1,1,0
110,1,1,0,0,1,0,1,1,1,1,1
111,0,0,0,0,1,0,0,0,1,1,0
112,1,1,1,1,1,1,0,0,0,0,1
113,1,1,0,1,1,1,0,0,0,1,0
114,1,1,0,0,1,0,0,0,0,1,1
115,1,1,1,1,0,1,0,0,1,1,0
116,1,1,0,0,0,0,0,1,1,1,1
117,1,0,0,0,0,0,0,1,1,0,0
118,1,0,1,0,0,1,1,0,1,1,0
119,0,0,0,1,1,1,0,0,0,0,0
120,1,0,1,0,0,1,0,0,1,1,1
121,0,0,0,0,1,0,1,0,0,0,1
122,1,1,1,0,0,1,0,0,1,1,0
123,1,0,0,1,0,1,1,0,0,1,1
124,0,1,1,0,0,1,1,0,1,1,1
125,1,0,0,1,1,1,0,0,0,0,0
126,0,1,0,1,0,1,1,1,1,0,1
127,0,1,0,0,0,0,1,0,1,1,1
128,1,0,0,0,1,1,1,1,0,1,0
129,0,1,0,0,1,1,1,0,0,1,1
130,0,1,1,0,1,1,0,0,0,1,0
131,0,1,1,1,1,1,1,1,1,0,1
132,0,1,0,0,0,1,0,1,0,1,1
133,0,0,1,1,1,0,1,1,1,0,1
134,1,1,0,0,0,0,0,0,1,0,1
135,1,0,0,0,0,0,1,1,1,1,1
136,1,1,0,0,0,0,1,1,1,0,0
137,0,1,0,1,1,0,1,1,1,0,0
138,0,0,1,0,0,1,0,0,0,1,0
139,0,1,0,0,0,0,1,0,1,0,0
140,0,0,1,1,1,1,0,1,1,1,0
141,0,1,1,0,0,1,0,1,0,1,1
142,0,1,1,1,1,1,0,1,0,1,0
143,1,1,0,0,1,1,0,1,1,0,1
144,1,1,1,0,1,1,1,1,1,0,1
145,0,1,1,0,1,0,1,0,0,0,1
146,0,1,0,1,0,1,1,1,0,1,1
147,1,0,1,1,1,1,1,0,1,1,0
148,0,0,0,1,0,1,1,1,1,0,0
149,0,1,1,1,0,0,1,1,1,0,0
150,1,0,0,1,0,1,1,0,1,1,1
151,1,1,0,1,1,0,1,0,0,0,1
152,1,1,1,0,0,1,1,0,1,1,1
153,0,0,1,0,1,0,0,0,0,0,0
154,0,1,0,1,0,0,1,0,0,0,0
155,0,0,0,1,1,1,1,0,1,1,1
156,1,1,1,0,0,1,0,1,1,0,0
157,1,0,0,0,1,1,1,0,1,0,1
158,0,1,1,0,0,0,0,1,0,1,0
159,0,0,1,1,1,0,0,1,1,0,1
160,0,0,1,0,0,1,1,0,0,1,0
161,1,1,0,0,0,0,0,1,1,0,1
162,0,1,0,1,0,0,1,0,1,1,0
163,0,0,0,1,0,1,0,1,1,1,0
164,0,1,0,1,1,1,0,1,0,0,1
165,0,0,0,1,1,1,0,1,0,1,0
166,1,1,0,0,1,0,0,1,0,0,0
167,0,1,1,1,0,0,1,0,0,1,0
168,1,1,0,1,0,1,1,1,0,1,1
169,0,1,0,0,0,0,0,1,0,0,1
170,1,0,1,0,1,0,0,1,0,1,1
171,1,0,0,1,0,0,1,1,1,1,0
172,1,0,1,1,0,1,1,0,0,0,0
173,0,1,1,0,1,1,0,0,0,1,1
174,0,0,1,1,1,1,1,1,1,0,0
175,0,1,1,0,1,1,0,1,0,1,1
176,0,0,0,1,0,1,0,1,0,1,1
177,0,0,0,0,1,1,1,0,1,0,0
178,0,1,1,1,0,1,0,0,0,1,1
179,0,1,1,1,1,0,0,1,1,1,1
180,1,1,0,1,0,0,1,0,0,1,1
181,0,1,1,1,0,0,0,1,0,0,1
182,0,1,0,0,1,1,0,1,0,0,0
183,1,0,1,0,1,0,1,0,0,1,1
184,0,1,1,1,1,1,1,0,0,0,0
185,1,1,1,0,0,1,1,1,1,0,0
186,0,1,1,1,1,0,1,1,1,1,0
187,1,1,1,1,0,0,0,0,0,0,1
188,1,0,0,0,1,0,1,1,1,1,1
189,1,0,1,1,1,1,1,0,1,1,0
190,0,0,1,0,0,0,1,0,1,1,1
191,1,1,1,0,1,0,0,1,1,1,1
192,1,0,1,0,0,0,0,1,0,1,0
193,0,0,1,1,1,0,0,0,1,1,0
194,1,1,0,1,0,0,1,1,1,1,0
195,0,0,1,1,0,1,0,1,1,0,1
196,0,1,1,1,0,1,0,1,0,0,1
197,1,1,0,0,1,0,1,1,1,0,1
198,0,0,0,0,1,1,0,0,1,1,0
199,0,1,0,0,0,1,0,0,0,1,0
200,0,1,0,0,0,0,1,0,0,1,1
201,1,0,0,1,1,1,0,1,0,0,1
202,1,0,1,0,0,1,0,0,0,0,0
203,0,0,1,0,1,1,0,0,0,0,0
204,0,0,0,0,0,1,1,1,0,0,1
205,0,1,1,0,1,1,0,0,0,0,0
206,0,1,1,1,1,0,0,0,0,0,0
207,0,0,0,1,0,1,1,0,0,1,1
208,0,0,0,1,0,0,0,0,0,1,1
209,0,1,0,0,1,1,1,1,0,1,0
210,1,0,0,1,1,0,1,0,0,0,1
211,1,0,1,1,0,1,1,0,0,0,1
212,1,1,1,0,1,0,1,0,0,0,1
213,1,0,1,0,0,0,0,1,1,1,0
214,1,1,1,1,1,1,1,0,1,1,0
215,1,0,1,1,0,0,0,1,0,1,1
216,0,1,1,1,0,1,0,1,0,1,1
217,1,1,1,0,0,1,0,0,0,1,0
218,0,0,1,0,1,1,1,0,0,1,0
219,1,1,1,1,0,0,0,0,1,1,1
220,1,0,0,1,0,1,1,1,1,0,1
221,0,0,0,0,1,1,0,0,0,1,0
222,1,0,1,0,0,1,1,0,1,1,0
223,1,1,0,0,1,1,1,1,0,1,1
224,0,1,0,0,1,0,1,0,1,1,1
225,0,0,0,0,0,1,1,0,0,0,0
226,0,0,0,1,0,1,1,0,0,0,1
227,0,1,0,0,0,1,1,1,0,0,0
228,1,1,1,0,1,0,0,0,0,0,1
229,1,0,1,1,0,0,0,1,1,1,0
230,1,0,1,1,0,0,0,1,1,0,0
231,0,1,0,0,0,0,0,0,0,1,1
232,0,0,0,0,0,0,1,0,1,1,0
233,1,1,0,1,0,0,1,0,1,1,1
234,0,1,0,0,1,0,0,1,0,1,0
235,1,1,1,0,1,1,0,1,1,1,1
236,0,0,1,1,0,0,1,0,1,0,1
237,0,0,0,0,1,1,1,1,1,0,0
238,1,1,0,1,1,0,1,0,0,1,1
239,0,0,1,0,0,1,0,1,1,0,0
240,0,1,1,0,1,1,1,0,0,0,1
241,0,1,1,0,1,1,0,0,0,0,1
242,0,1,0,1,0,0,1,1,1,1,1
243,1,1,1,0,0,0,1,1,1,0,0
244,1,1,0,0,1,1,0,0,1,0,1
245,1,1,1,1,0,0,0,1,1,0,1
246,1,1,1,0,0,1,0,1,1,0,0
247,0,0,0,0,0,0,1,0,0,0,1
248,1,1,1,1,0,0,0,0,0,0,1
249,1,0,1,0,1,1,1,0,1,1,1
250,1,0,1,0,1,0,0,0,0,1,0
251,0,0,0,1,0,1,0,1,1,1,0
252,1,0,0,1,0,1,0,1,1,0,1
253,0,0,0,0,0,0,1,0,0,0,0
254,0,1,0,1,0,1,0,1,0,0,0
255,1,1,0,1,0,0,0,0,0,1,1
256,1,1,1,1,0,1,0,0,1,0,1
257,1,1,0,1,0,0,0,1,1,0,0
258,0,0,0,1,0,1,1,0,0,0,1
259,1,1,1,1,1,1,1,1,1,0,0
260,1,0,0,0,0,1,0,0,1,1,1
261,1,0,0,0,0,1,0,1,1,1,1
262,0,1,1,1,0,0,1,0,0,0,0
263,0,0,0,1,0,1,1,1,0,0,0
264,1,1,1,0,0,0,1,0,0,0,0
265,1,1,1,1,0,0,0,1,1,0,1
266,0,1,1,0,1,1,1,1,1,1,0
267,1,1,0,1,1,1,0,1,1,0,1
268,1,1,0,1,0,1,0,0,1,0,0
269,0,1,0,0,1,0,0,0,1,1,0
270,0,0,1,0,0,0,0,0,1,1,1
271,1,1,1,0,1,1,1,1,1,0,1
272,1,1,0,0,0,0,1,0,0,1,0
273,0,1,1,1,1,1,1,1,1,0,0
274,0,0,1,0,1,0,1,1,1,1,1
275,1,1,0,1,1,0,1,1,1,1,0
276,1,1,1,0,1,0,1,0,1,0,1
277,0,0,0,1,1,1,0,0,0,0,1
278,1,1,0,0,0,1,1,1,0,0,0
279,0,0,1,1,0,0,0,0,0,1,1
280,1,1,0,0,0,1,1,0,0,0,0
281,0,0,0,1,1,1,1,0,1,1,0
282,1,0,0,0,0,1,1,0,0,1,1
283,1,0,1,0,1,0,0,0,1,0,1
284,1,0,0,1,0,0,1,0,0,1,1
285,1,0,0,1,1,1,1,0,0,1,1
286,0,0,0,0,1,0,1,1,0,0,1
287,0,0,1,0,0,1,1,0,0,1,0
288,0,1,0,1,1,1,0,0,0,0,0
289,0,0,1,1,0,1,1,1,0,0,1
290,0,1,1,0,0,1,1,0,0,0,0
291,0,0,1,1,0,0,0,0,0,0,1
292,1,1,1,1,0,0,1,0,0,1,0
293,0,0,0,0,1,1,1,0,0,0,1
294,0,1,1,0,0,1,1,1,1,0,0
295,0,1,1,1,1,0,1,1,1,0,0
296,0,0,1,0,1,1,1,1,1,1,0
297,1,1,1,0,1,1,0,1,1,1,1
298,1,0,0,0,1,0,0,1,1,1,0
299,0,0,0,1,1,0,0,1,1,0,0
300,1,1,0,1,0,0,0,0,0,0,1
301,1,1,1,1,0,1,1,0,0,1,0
302,1,1,1,1,1,1,1,0,0,0,1
303,0,1,0,0,0,0,0,1,0,1,1
304,1,1,1,1,0,0,0,0,1,0,1
305,1,1,1,0,1,1,0,1,1,0,0
306,1,1,0,1,1,1,1,1,1,1,1
307,0,0,1,0,1,1,1,0,1,1,0
308,1,1,0,0,1,1,0,0,0,0,1
309,0,1,0,1,0,0,0,1,1,1,0
310,0,1,0,1,1,0,0,1,0,1,0
311,0,1,1,0,0,0,0,1,1,1,0
312,1,1,0,0,0,1,0,1,0,1,1
313,0,0,0,0,0,0,0,0,1,0,0
314,1,0,1,1,1,0,1,1,0,0,1
315,1,1,0,0,1,1,1,1,1,1,0
316,1,1,1,0,1,0,0,1,1,1,1
317,1,0,1,1,0,0,0,1,1,0,1
318,0,0,0,1,0,1,1,0,0,0,0
319,0,0,1,0,1,1,1,1,1,1,0
320,0,1,0,1,1,0,1,0,1,1,0
321,0,1,0,1,0,0,1,0,1,0,0
322,1,0,0,0,1,1,0,0,0,0,1
323,1,0,0,1,0,1,0,0,0,0,1
324,1,0,0,1,0,1,1,1,0,1,0
325,0,1,1,1,0,1,0,0,0,1,0
326,1,0,0,0,0,1,0,1,1,0,1
327,1,0,0,0,1,0,0,1,0,1,0
328,0,0,1,0,1,1,1,0,1,1,0
329,1,1,0,1,0,0,0,1,0,1,1
330,0,1,0,0,0,1,0,1,0,0,1
331,1,0,0,0,0,0,1,1,1,1,1
332,1,0,0,0,0,0,1,1,0,0,1
333,1,0,1,0,0,1,1,1,0,1,1
334,0,1,1,0,0,0,0,1,1,1,0
335,0,1,0,0,1,1,1,1,0,0,0
336,1,1,0,1,0,0,0,1,0,1,0
337,0,1,1,0,1,0,0,0,1,0,0
338,1,0,1,1,1,0,0,1,1,0,0
339,1,0,1,1,1,0,0,1,1,1,1
340,0,0,0,1,1,0,1,0,0,1,0
341,0,1,0,1,0,1,0,0,0,1,1
342,1,0,1,1,0,0,1,1,0,1,1
343,0,0,0,0,1,1,0,1,0,0,0
344,1,0,0,1,0,1,1,1,1,1,1
345,0,0,1,1,0,1,0,0,0,0,0
346,0,1,1,0,1,0,0,0,0,0,0
347,0,0,1,1,0,1,1,0,0,1,1
348,0,0,0,0,0,1,0,0,0,0,1
349,0,0,0,1,0,1,0,1,0,0,1
350,0,1,0,0,1,0,1,0,0,0,1
351,1,0,0,0,0,0,1,1,0,1,1
352,0,1,0,1,1,1,0,1,0,0,0
353,0,0,1,0,0,1,0,0,0,0,1
354,0,0,1,1,0,0,1,1,0,1,0
355,1,1,0,1,0,1,1,1,1,0,0
356,1,0,0,0,1,1,1,0,0,1,1
357,1,1,1,0,1,1,0,1,0,0,1
358,1,1,0,0,1,0,1,0,0,1,1
359,1,0,0,0,1,0,1,0,0,1,0
360,1,1,0,1,1,1,1,1,1,0,0
361,0,1,1,0,1,0,0,1,0,1,1
362,0,1,0,0,0,1,1,0,1,1,0
363,0,0,0,1,1,0,1,1,0,1,0
364,1,0,0,0,1,0,1,0,1,1,0
365,1,0,0,0,1,1,0,0,0,1,1
366,1,0,1,1,1,0,1,0,0,0,0
367,0,1,0,1,1,0,1,0,0,1,0
368,0,1,0,0,1,1,1,1,0,0,0
369,1,1,1,0,1,0,0,0,1,0,0
370,0,0,0,0,0,0,1,0,1,0,0
371,0,0,1,0,0,1,0,0,1,1,0
372,1,1,0,1,1,1,1,0,1,0,0
373,1,0,1,0,0,0,0,0,0,1,0
374,1,1,0,1,1,1,0,1,1,0,0
375,0,1,0,1,0,0,1,1,0,1,1
376,1,0,1,0,1,0,0,0,1,1,1
377,0,1,0,0,1,0,1,1,0,0,0
378,1,1,0,1,0,1,0,1,0,1,1
379,1,0,0,0,1,0,1,0,0,0,1
380,0,1,0,1,1,0,1,1,1,0,0
381,1,0,1,0,0,0,0,1,0,1,1
382,1,1,1,1,0,1,0,1,0,1,1
383,0,1,0,1,0,0,0,1,0,1,0
384,0,1,1,1,1,1,0,0,1,1,0
385,1,0,1,1,0,1,1,0,0,1,0
386,0,0,1,0,1,1,1,1,0,1,0
387,1,1,1,1,1,0,1,1,0,1,0
388,1,1,1,1,0,0,0,0,0,0,0
389,0,1,1,0,0,1,1,1,0,0,1
390,0,1,0,0,1,0,0,0,1,1,1
391,0,0,1,0,1,1,1,1,1,0,0
392,1,1,1,1,1,1,1,1,1,0,1
393,0,1,0,0,0,1,0,0,0,1,0
394,0,1,0,0,1,0,1,1,0,1,1
395,1,1,0,0,0,1,1,1,1,0,1
396,0,1,0,1,1,1,1,0,0,0,0
397,1,0,1,1,1,0,1,1,0,0,1
398,1,0,0,0,0,1,0,1,1,0,0
399,1,1,1,1,1,0,0,0,1,1,0
400,0,1,0,1,0,0,0,0,1,0,1
401,0,0,0,1,0,1,0,0,0,1,0
402,1,1,1,0,1,1,1,0,1,0,1
403,1,1,1,1,0,0,1,0,1,1,0
404,1,1,1,0,0,1,0,0,1,1,1
405,0,0,0,0,1,1,0,0,1,0,0
406,1,1,0,1,1,0,1,0,1,1,1
407,0,1,1,0,1,1,1,0,0,1,1
408,1,1,1,0,0,0,1,0,0,0,0
409,1,0,0,1,1,1,1,1,1,1,1
410,1,0,1,0,0,1,0,0,1,0,1
411,0,1,0,1,0,1,0,0,0,0,0
412,1,1,1,0,0,1,1,0,1,1,1
413,1,0,1,1,0,1,0,0,1,0,0
414,1,0,0,1,0,1,1,1,1,1,1
415,0,0,1,1,1,0,0,1,0,1,0
416,1,1,1,1,1,1,1,0,0,0,0
417,1,0,0,1,1,1,0,0,0,0,1
418,0,0,0,1,0,0,1,1,0,0,0
419,1,1,0,0,1,0,0,0,1,1,0
420,0,1,1,1,0,1,0,0,0,0,1
421,1,1,1,0,0,0,0,1,0,1,1
422,1,1,0,1,0,1,1,1,1,1,1
423,1,1,0,0,1,0,1,1,0,1,1
424,0,0,0,1,1,0,1,1,0,0,0
425,0,1,1,0,0,1,0,0,0,0,1
426,0,1,0,0,0,1,0,1,0,1,0
427,0,1,1,1,0,0,0,1,0,1,0
428,1,1,1,1,1,1,1,0,1,1,0
429,0,1,1,1,0,1,1,0,0,1,1
430,0,0,1,0,0,1,1,1,1,0,1
431,1,0,1,0,0,1,1,1,0,0,1
432,0,1,1,1,0,0,1,1,0,1,1
433,0,0,0,1,0,0,0,1,0,0,1
434,0,1,1,1,0,1,0,0,1,1,0
435,0,0,0,1,1,0,0,0,1,1,0
436,0,0,0,1,0,1,1,1,0,1,0
437,0,1,0,1,1,0,0,0,1,1,1
438,1,1,0,0,1,0,0,0,1,0,0
439,1,1,0,0,0,0,0,1,0,0,0
440,0,1,0,0,1,1,0,0,1,1,0
441,1,0,1,1,1,0,1,1,1,0,1
442,1,0,0,0,0,1,0,1,0,1,1
443,0,1,0,1,1,1,0,1,1,1,0
444,1,0,1,0,1,1,1,0,1,0,0
445,0,1,1,0,0,0,0,1,1,0,0
446,1,1,1,1,1,1,0,1,0,1,0
447,1,1,0,0,0,1,0,1,1,0,1
448,1,1,1,1,0,0,1,1,1,1,0
449,0,1,0,0,0,1,0,1,0,0,0
450,1,0,1,1,1,1,0,1,0,1,0
451,1,0,1,1,1,1,0,1,0,1,0
452,1,0,1,1,1,0,1,1,0,0,1
453,1,0,1,1,1,0,0,1,0,1,0
454,0,1,0,0,1,1,0,1,1,1,1
455,1,0,0,0,1,1,0,0,1,0,0
456,0,0,1,0,1,1,0,0,1,0,0
457,0,0,1,0,0,0,1,0,1,1,0
458,1,0,1,1,1,0,0,1,1,1,1
459,1,0,0,0,1,1,0,1,1,1,0
460,1,0,0,0,0,0,1,1,0,1,1
461,0,1,0,0,0,0,0,0,1,0,1
462,0,0,1,1,0,1,0,1,1,0,0
463,1,1,1,0,0,0,0,1,0,0,1
464,0,1,1,0,1,0,1,0,0,0,1
465,0,0,0,0,1,1,1,0,0,1,0
466,1,0,1,1,0,1,1,0,1,0,1
467,0,0,1,1,1,0,1,1,1,1,1
468,0,1,1,0,0,0,0,0,0,0,1
469,0,1,1,0,1,1,1,0,0,0,1
470,1,1,0,1,1,1,0,1,0,1,1
471,0,1,1,0,0,0,1,1,1,0,1
472,0,1,0,0,1,0,1,0,0,0,0
473,1,1,0,0,0,0,1,0,0,1,0
474,1,0,1,1,0,1,1,1,1,0,1
475,1,0,0,1,0,1,1,0,0,0,0
476,0,0,0,1,1,1,1,0,1,0,0
477,0,1,0,0,1,0,0,1,0,1,1
478,1,0,0,1,1,0,1,1,1,0,0
479,0,1,1,0,0,0,1,0,0,0,0
480,0,0,1,1,0,1,0,1,0,0,1
481,1,0,0,0,1,0,1,1,1,1,1
482,1,0,0,1,1,1,0,1,0,1,0
483,0,0,0,0,1,0,1,1,1,1,1
484,1,0,0,0,1,0,0,1,0,0,0
485,1,1,1,0,1,1,1,0,0,0,0
486,1,1,0,0,0,1,0,1,1,1,1
487,0,1,1,0,1,0,0,1,1,1,0
488,0,0,1,1,1,1,0,1,0,1,1
489,0,0,1,0,0,0,1,0,1,0,1
490,1,1,0,1,1,0,1,1,0,0,1
491,0,1,0,1,0,1,1,0,1,0,1
492,0,0,1,0,0,1,1,1,0,1,1
493,0,1,1,0,0,0,1,0,1,0,0
494,1,0,0,1,1,1,0,0,0,1,0
495,0,1,0,0,1,0,1,0,1,0,0
496,0,0,1,1,0,1,1,1,0,0,1
497,1,0,0,1,1,1,1,1,1,1,0
498,1,0,0,1,1,1,1,1,1,1,1
499,0,1,0,1,1,1,0,1,0,1,1
500,1,1,1,0,1,0,0,0,1,0,1
501,0,1,0,1,1,0,0,0,1,0,1
502,1,1,1,0,1,1,0,1,0,1,0
503,0,1,0,0,1,1,0,0,1,1,1
504,0,0,0,0,0,1,1,0,0,0,1
505,0,1,0,0,1,0,1,0,0,1,1
506,1,0,0,1,0,0,0,0,0,0,1
507,0,1,0,0,1,1,1,0,1,1,0
508,0,0,1,0,1,0,0,0,0,1,0
509,1,0,1,1,1,1,0,0,0,0,1
510,1,1,0,0,0,0,1,0,1,0,1
511,1,0,1,0,0,1,0,1,1,0,0
512,0,1,0,0,0,0,0,1,1,0,1
513,1,0,1,0,1,0,1,1,1,1,0
514,0,0,0,0,1,1,0,1,0,0,1
515,0,0,1,1,0,0,0,0,0,0,1
516,0,1,1,0,0,1,0,1,1,0,0
517,0,0,1,0,0,1,1,1,1,1,1
518,1,0,0,1,1,1,0,1,1,1,1
519,1,0,0,1,0,0,1,0,0,1,1
520,1,1,0,1,0,1,0,0,1,1,0
521,0,1,1,1,1,0,0,0,0,1,0
522,0,0,0,1,1,0,1,1,0,1,1
523,1,1,1,1,1,1,1,1,0,1,0
524,1,0,1,1,0,0,0,1,1,0,0
525,1,0,0,1,1,0,0,1,0,0,1
526,0,1,0,1,0,0,1,1,1,1,1
527,1,1,1,0,1,0,0,1,0,0,1
528,0,1,1,0,0,0,0,0,0,1,1
529,1,0,1,1,1,1,0,1,0,1,1
530,1,0,0,1,0,0,1,1,1,1,1
531,1,1,0,1,1,0,1,0,1,1,1
532,0,0,1,1,0,1,0,1,0,1,1
533,0,1,1,1,0,1,1,1,1,1,0
534,1,1,0,0,0,1,1,0,0,1,1
535,0,1,0,1,0,1,1,0,0,1,1
536,1,0,1,0,1,1,0,1,1,0,1
537,1,0,0,0,1,1,1,1,1,1,1
538,0,0,0,0,1,1,0,0,0,1,1
539,0,1,0,1,0,1,0,0,1,0,0
540,0,0,1,0,1,0,0,1,1,1,1
541,0,1,0,0,0,1,0,0,0,0,1
542,1,1,0,0,0,1,0,1,0,1,1
543,0,1,1,0,1,1,0,0,1,1,1
544,0,1,0,0,0,0,1,1,1,1,1
545,1,0,0,1,1,1,1,0,0,0,1
546,1,0,1,1,1,1,1,0,1,0,1
547,1,0,1,1,0,0,1,0,1,0,1
548,1,1,1,1,1,0,1,0,1,0,1
549,1,0,0,1,1,1,0,1,0,0,1
550,0,1,1,1,0,0,0,0,1,0,0
551,0,1,0,0,0,1,1,0,0,1,0
552,1,1,1,1,1,1,0,0,0,0,1
553,1,0,0,0,1,0,0,1,0,0,0
554,0,0,1,0,0,1,0,1,1,1,0
555,0,1,1,1,1,0,1,0,1,0,0
556,0,0,1,0,0,1,1,0,0,1,1
557,1,1,0,1,1,1,1,1,1,0,0
558,0,1,0,0,1,1,1,1,0,1,0
559,1,0,1,1,1,0,0,1,0,1,1
560,0,1,0,1,0,0,1,0,0,1,1
561,0,0,0,0,0,0,1,1,0,1,1
562,0,1,0,1,0,0,1,1,1,0,1
563,0,0,1,0,0,0,0,1,1,0,0
564,1,1,1,0,0,0,0,1,1,0,0
565,0,1,0,1,0,0,0,1,1,0,0
566,1,0,1,0,1,1,1,1,1,1,1
567,1,1,0,1,0,0,0,1,0,0,1
568,0,0,1,0,1,0,1,1,0,1,0
569,0,0,1,1,0,1,1,0,0,0,0
570,0,0,0,1,0,1,1,1,0,0,0
571,0,0,0,1,0,1,1,0,1,1,0
572,1,0,1,0,0,0,1,1,1,1,0
573,1,1,1,0,0,1,0,0,0,0,0
574,1,0,0,1,0,1,0,1,0,1,0
575,0,0,1,1,1,1,1,0,0,0,0
576,0,0,0,1,1,0,0,0,1,1,1
577,0,0,1,0,0,1,1,0,1,1,0
578,1,0,0,0,1,1,0,0,0,0,1
579,0,1,0,0,0,0,1,0,0,0,0
580,0,0,1,0,1,1,1,0,0,0,0
581,0,1,1,0,1,0,1,1,1,1,0
582,0,1,0,1,1,1,0,1,1,1,1
583,0,0,1,1,1,0,1,1,0,0,1
584,1,1,0,0,1,0,1,1,0,0,1
585,0,0,0,0,1,0,0,0,1,1,1
586,1,1,0,1,0,1,0,1,1,0,1
587,1,0,1,0,0,1,1,0,1,0,1
588,1,1,1,0,1,1,0,0,1,1,0
589,1,0,1,1,1,1,1,1,1,0,0
590,0,1,0,1,0,0,1,0,1,0,1
591,0,0,0,1,0,1,0,0,1,0,1
592,1,1,1,1,0,0,1,0,1,0,1
593,1,1,1,1,1,1,0,0,0,1,0
594,1,1,0,1,1,1,0,0,1,0,1
595,0,1,0,1,0,0,0,1,0,0,0
596,0,1,0,1,1,0,0,1,1,0,0
597,1,1,0,1,0,0,1,0,1,1,0
598,1,1,0,0,0,1,0,0,0,1,0
599,0,0,0,1,1,0,1,1,0,1,0
600,0,1,0,0,0,1,0,0,1,1,1
601,1,1,0,1,0,0,1,1,0,1,0
602,0,1,0,0,0,0,0,1,0,0,1
603,1,0,1,1,0,1,0,0,1,1,1
604,0,1,0,1,0,0,1,1,0,1,0
605,1,1,1,0,1,0,1,0,1,0,1
606,1,1,0,0,0,1,1,1,0,0,0
607,1,0,0,1,1,0,0,0,1,1,1
608,0,0,0,0,1,1,0,0,0,1,1
609,0,0,1,0,1,1,1,0,0,1,0
610,0,1,1,0,1,0,1,0,1,1,0
611,1,1,0,0,1,1,1,0,1,1,0
612,0,0,0,0,0,0,0,0,1,0,0
613,1,0,0,1,0,1,1,0,1,0,0
614,0,0,0,0,0,1,0,1,0,0,0
615,0,0,1,1,0,0,0,1,1,1,0
616,0,0,0,0,0,0,0,1,0,0,1
617,0,1,0,1,1,1,0,0,0,0,0
618,1,0,0,0,0,1,0,1,0,0,1
619,1,0,0,0,1,0,1,1,0,1,1
620,1,0,1,1,0,0,0,1,0,1,1
621,1,1,0,1,0,0,0,0,0,1,0
622,1,1,0,0,1,1,0,0,1,1,0
623,1,0,0,0,1,1,0,0,0,0,0
624,1,1,0,1,1,0,0,0,0,1,1
625,0,1,1,1,0,1,0,0,1,1,0
626,0,0,1,1,1,1,0,0,0,0,0
627,0,1,1,0,1,0,0,0,0,0,0
628,1,0,0,1,0,0,1,1,1,0,0
629,0,0,0,0,0,1,1,1,1,1,0
630,1,0,1,0,1,1,0,0,0,1,1
631,0,1,1,1,0,0,1,0,1,1,1
632,1,1,1,0,0,1,1,0,0,0,1
633,1,0,0,0,1,1,0,1,0,0,1
634,0,0,0,0,1,1,1,0,1,1,1
635,0,1,1,1,0,1,0,1,1,0,1
636,1,0,0,1,0,0,1,0,0,0,1
637,0,0,0,1,1,0,1,0,1,1,1
638,0,0,0,0,1,1,1,0,1,0,1
639,1,1,0,0,1,1,0,1,1,0,1
640,0,0,0,1,1,1,0,0,0,0,1
641,1,1,1,0,0,1,1,0,0,0,0
642,0,1,0,0,0,0,1,0,0,0,1
643,1,1,1,1,0,1,0,0,1,0,1
644,1,1,0,1,1,1,1,1,1,0,1
645,1,0,1,0,1,0,0,1,0,0,0
646,1,0,1,0,0,0,1,1,1,1,0
647,0,0,1,0,1,1,1,0,1,0,1
648,0,0,1,0,0,1,1,0,1,1,0
649,1,1,1,1,0,0,0,1,1,0,1
650,1,1,1,0,1,1,0,1,1,0,0
651,0,0,1,0,0,0,1,0,0,1,0
652,1,1,0,0,1,0,1,0,1,0,1
653,0,1,0,1,1,1,1,0,1,0,0
654,1,1,1,0,0,0,1,1,1,1,0
655,0,0,1,0,0,0,0,0,1,0,1
656,1,1,1,0,1,1,0,1,1,1,1
657,1,0,0,0,1,1,1,1,0,1,1
658,0,1,0,1,0,0,1,0,1,0,0
659,0,1,0,1,0,1,0,1,1,1,0
660,1,1,1,0,1,0,0,1,1,0,1
661,0,0,1,0,0,1,0,1,0,0,0
662,0,1,0,0,0,1,0,0,0,0,0
663,1,0,1,1,0,1,1,0,0,1,1
664,1,1,0,1,0,1,1,1,1,0,1
665,0,0,1,0,0,0,0,0,1,0,1
666,0,0,1,1,0,0,1,0,0,1,0
667,1,0,0,0,0,0,0,0,0,1,0
668,0,0,0,0,0,1,0,1,1,1,1
669,0,0,0,0,0,0,1,1,0,1,0
670,1,0,0,1,0,0,1,1,0,1,0
671,1,1,1,1,1,0,1,1,0,0,0
672,1,1,1,0,1,0,0,1,0,0,0
673,0,1,0,0,0,1,1,0,1,1,0
674,0,1,1,0,0,0,0,0,1,1,1
675,1,0,1,1,0,1,1,1,0,0,0
676,0,0,1,1,1,1,0,1,0,1,1
677,0,1,1,1,1,0,1,0,0,1,1
678,1,0,1,0,0,1,0,1,0,0,1
679,1,1,1,0,1,0,1,1,1,1,0
680,0,1,0,1,0,0,0,1,0,1,1
681,0,0,0,0,1,1,0,1,0,0,0
682,1,1,0,0,0,1,1,1,0,1,1
683,0,0,0,1,0,0,0,0,1,1,0
684,1,0,1,1,1,0,1,1,0,1,1
685,1,0,0,0,0,1,0,1,0,1,1
686,0,1,0,0,0,0,0,1,1,1,1
687,1,1,0,0,1,1,0,1,1,1,0
688,0,1,1,1,1,1,1,0,1,0,0
689,0,1,1,1,0,0,1,0,1,1,1
690,0,1,1,1,0,0,0,1,1,0,0
691,0,0,1,1,0,0,1,0,1,1,0
692,0,1,1,1,0,1,1,1,0,1,0
693,1,1,0,0,1,0,1,1,0,1,1
694,1,1,0,0,0,1,0,0,0,0,1
695,0,1,1,0,1,1,1,0,0,0,0
696,1,0,0,1,0,1,0,0,0,0,1
697,1,1,0,1,0,0,1,1,1,0,1
698,1,0,1,0,0,0,1,1,1,0,1
699,0,0,1,0,0,1,1,0,0,0,0
700,0,1,1,0,1,0,0,1,1,0,1
701,0,0,0,0,1,0,1,0,0,0,1
702,0,0,1,0,0,1,0,0,1,0,1
703,1,0,1,1,0,0,0,1,0,1,1
704,1,0,0,1,1,1,1,0,0,0,1
705,1,1,1,0,1,1,1,1,0,1,0
706,1,0,0,0,1,1,1,1,1,0,1
707,0,0,0,0,0,0,1,1,1,0,1
708,1,0,0,0,1,0,1,0,1,0,1
709,0,0,0,1,0,0,0,0,0,1,1
710,1,1,1,1,1,1,0,1,1,0,0
711,0,1,1,0,0,0,0,0,0,1,0
712,1,0,1,0,0,0,1,1,1,1,1
713,1,1,1,0,0,0,0,1,1,1,1
714,0,0,0,0,1,1,1,0,1,1,1
715,1,0,0,0,0,0,1,1,0,1,1
716,0,1,1,0,1,0,1,1,0,1,0
717,1,0,1,0,0,0,0,1,0,0,0
718,1,0,1,0,0,1,1,1,0,1,1
719,0,1,1,0,1,1,1,1,1,0,1
720,1,1,1,0,1,0,0,0,0,1,1
721,1,1,0,0,0,0,1,1,0,1,1
722,0,1,0,1,1,0,1,1,1,0,0
723,0,1,1,0,0,0,0,0,0,1,1
724,0,0,1,1,0,0,0,0,1,1,0
725,1,0,1,0,1,0,0,1,1,0,0
726,0,0,0,0,1,0,0,0,0,1,1
727,1,1,1,1,1,0,0,0,0,1,0
728,1,1,0,1,0,1,0,1,1,1,1
729,1,1,1,1,0,1,0,0,0,1,1
730,1,1,1,1,0,0,0,0,1,1,0
731,1,0,1,0,0,1,1,1,0,1,1
732,0,0,0,1,0,0,0,0,1,0,1
733,1,1,0,0,1,1,0,1,0,0,0
734,0,1,1,1,0,0,1,0,1,0,0
735,0,1,0,1,1,1,0,1,1,1,0
736,0,0,0,1,0,1,0,1,0,0,1
737,1,0,1,0,1,0,0,0,0,0,1
738,0,1,1,0,1,1,0,1,0,0,1
739,0,0,0,0,1,0,1,0,1,1,0
740,1,0,1,0,0,1,0,1,1,1,1
741,0,1,1,1,1,1,1,1,1,0,0
742,0,1,1,0,0,0,1,1,0,0,1
743,0,0,0,0,0,0,0,1,0,0,0
744,1,0,0,0,1,1,0,1,0,1,0
745,0,1,1,0,1,0,1,1,0,1,0
746,0,0,0,1,1,1,0,0,1,0,1
747,1,0,0,1,1,0,0,0,1,1,1
748,0,1,0,0,0,0,1,1,0,0,0
749,1,0,0,1,0,0,0,1,1,1,1
750,1,1,0,1,1,0,0,1,0,0,0
751,1,0,0,0,0,1,1,0,0,0,0
752,0,0,1,1,0,1,0,1,0,1,1
753,0,0,0,1,0,1,0,0,0,0,0
754,0,1,0,1,1,0,1,1,1,1,1
755,0,1,0,1,1,1,1,0,0,1,1
756,0,1,1,1,0,0,0,1,0,1,0
757,0,0,0,1,1,0,1,1,1,0,0
758,0,0,0,0,1,0,0,0,0,1,0
759,1,0,0,0,0,1,0,0,0,0,1
760,0,1,1,0,0,1,0,1,1,1,0
761,1,0,1,1,1,0,1,1,1,1,1
762,1,0,0,0,1,1,1,0,1,1,0
763,0,0,0,1,1,1,1,0,1,1,0
764,0,0,0,0,0,1,0,0,0,0,0
765,1,0,1,1,0,1,1,0,0,0,1
766,1,0,1,0,0,1,0,0,1,1,0
767,1,1,0,1,0,0,0,0,0,1,1
768,0,0,1,0,0,0,1,1,1,1,1
769,0,1,1,1,1,1,0,1,0,1,0
770,1,0,1,0,0,0,1,1,0,0,0
771,1,1,1,1,1,1,0,0,1,0,1
772,0,1,0,1,0,1,0,1,0,0,0
773,1,1,1,1,0,0,0,0,0,1,1
774,1,0,0,0,1,0,1,0,1,1,0
775,1,1,1,0,1,0,1,0,1,1,1
776,1,0,1,1,1,1,0,1,0,1,1
777,1,1,0,1,0,0,0,0,1,0,1
778,0,1,1,1,0,1,0,0,1,1,0
779,1,1,1,0,0,0,0,0,1,0,0
780,1,0,0,0,0,1,0,1,0,0,1
781,1,0,0,0,1,0,0,1,0,1,1
782,0,0,1,0,1,1,0,1,1,0,0
783,1,1,0,1,0,1,1,0,0,0,1
784,0,1,1,1,1,0,0,1,1,1,1
785,1,1,1,0,0,0,0,1,0,0,0
786,1,0,0,1,1,0,1,0,0,0,1
787,1,1,0,1,1,0,1,0,0,1,1
788,0,1,0,0,1,0,1,1,0,1,1
789,0,0,1,0,1,1,0,1,1,1,1
790,1,0,1,1,1,1,1,0,1,1,1
791,0,1,0,0,1,1,1,0,1,0,0
792,1,0,1,0,0,0,0,0,1,0,1
793,1,0,0,1,0,0,0,1,1,1,1
794,0,1,0,1,0,0,0,1,0,0,1
795,1,1,0,1,1,1,0,1,0,0,0
796,1,0,1,1,0,1,0,1,1,0,0
797,0,1,0,1,1,1,0,0,0,1,1
798,1,1,0,1,1,0,0,1,1,1,1
799,1,1,1,1,1,0,0,1,0,0,0
800,1,0,0,0,0,0,1,0,1,1,0
801,0,1,1,0,0,1,0,0,1,0,0
802,0,0,0,0,1,0,1,1,1,1,1
803,1,0,1,1,0,0,1,0,0,1,0
804,0,1,1,0,0,0,1,1,0,1,0
805,1,0,1,0,1,0,1,1,1,0,0
806,1,0,0,0,1,0,0,1,0,0,0
807,1,0,1,0,1,1,1,0,0,1,0
808,0,0,0,1,1,0,0,1,0,0,1
809,0,1,0,0,1,0,0,1,1,1,0
810,0,1,0,0,0,1,0,0,0,1,1
811,1,0,1,0,0,0,1,0,1,0,1
812,0,1,1,0,0,1,0,1,1,0,1
813,1,0,1,1,1,1,0,0,0,1,1
814,1,0,1,0,0,1,1,1,0,1,1
815,0,0,0,0,1,0,1,1,1,0,1
816,1,1,0,0,0,1,1,1,0,1,1
817,1,1,1,1,0,1,0,0,0,1,0
818,0,0,1,0,1,1,1,0,1,0,0
819,1,0,0,0,0,1,1,0,1,1,1
820,1,0,1,1,0,1,0,0,1,1,1
821,1,1,0,1,1,1,0,1,0,1,0
822,1,1,0,0,1,1,0,0,1,1,0
823,1,1,0,1,1,1,0,1,1,1,0
824,1,1,1,1,0,0,1,1,1,1,1
825,0,0,0,1,0,0,0,0,1,0,0
826,0,1,0,0,1,1,0,1,1,1,1
827,0,1,0,0,1,0,0,1,1,0,0
828,1,1,0,0,1,1,1,1,0,1,0
829,0,1,1,0,0,0,1,0,0,1,0
830,0,0,0,1,0,1,0,0,1,0,1
831,1,0,0,0,0,0,0,1,1,1,0
832,0,0,1,0,0,1,1,1,1,0,1
833,0,0,0,1,1,1,1,1,1,1,0
834,0,0,0,1,0,1,0,0,1,0,1
835,0,0,1,1,0,0,0,1,0,0,1
836,0,1,0,1,0,0,0,1,0,0,0
837,0,1,0,0,1,1,1,1,0,1,0
838,1,0,1,1,0,1,0,0,1,1,0
839,1,1,0,1,1,0,1,0,1,0,1
840,0,1,1,1,0,0,0,0,1,1,0
841,1,0,1,1,0,0,1,0,1,0,1
842,1,1,0,1,0,1,1,0,1,0,1
843,0,0,0,0,1,1,1,1,0,1,0
844,0,1,1,0,0,0,1,1,1,1,0
845,1,0,1,0,0,0,0,0,1,0,1
846,0,1,1,0,0,0,1,1,1,0,0
847,1,0,1,1,0,0,0,0,0,0,1
848,0,1,0,1,1,0,1,0,1,0,1
849,1,1,1,0,1,1,0,0,0,1,0
850,0,0,0,0,0,0,1,0,1,0,1
851,0,0,1,0,0,1,0,0,0,0,0
852,1,1,1,1,1,0,1,0,0,0,1
853,0,0,1,1,1,0,1,0,1,0,1
854,1,1,1,1,0,1,1,0,1,0,0
855,0,0,0,1,1,1,1,1,1,1,0
856,0,1,1,0,0,1,0,1,1,0,0
857,1,1,1,0,1,1,0,0,1,1,1
858,0,0,1,1,1,1,1,1,1,0,1
859,0,0,1,0,0,1,1,1,0,1,0
860,1,0,0,1,1,0,1,0,0,1,0
861,0,0,0,0,0,0,0,1,0,1,0
862,0,0,0,0,1,1,1,0,0,1,1
863,0,1,0,0,0,1,1,0,1,0,0
864,1,0,0,1,1,0,1,0,0,0,1
865,1,0,1,1,1,1,1,0,1,1,0
866,0,0,0,0,1,1,0,0,0,1,1
867,1,0,1,0,1,0,0,0,1,0,0
868,0,0,1,1,1,1,0,1,0,0,0
869,1,1,1,1,1,0,1,1,1,0,1
870,1,0,1,0,1,1,0,1,1,0,1
871,0,1,0,0,1,1,0,1,0,0,0
872,1,1,0,0,0,0,0,0,0,1,1
873,1,1,0,1,0,1,0,0,0,1,0
874,0,0,1,0,0,0,1,1,1,1,0
875,0,1,1,0,1,1,1,0,0,1,0
876,0,1,1,0,1,0,0,1,0,1,0
877,0,0,0,0,1,0,1,1,1,1,0
878,0,1,1,0,1,0,1,0,1,0,1
879,0,0,1,1,0,1,0,1,1,0,1
880,1,0,0,1,1,0,1,1,0,0,1
881,0,1,0,0,0,1,0,0,0,0,1
882,0,1,1,0,1,0,0,0,0,1,0
883,0,1,1,1,0,0,0,1,0,0,1
884,0,1,0,0,1,1,0,1,1,1,0
885,1,1,0,0,1,0,1,1,0,1,1
886,1,1,0,1,1,1,1,1,1,0,0
887,1,1,1,1,1,0,1,1,1,1,1
888,0,1,0,0,1,0,1,0,1,0,0
889,1,1,0,0,0,1,1,0,1,1,0
890,1,1,1,0,1,1,0,0,0,0,1
891,1,0,0,1,0,1,0,1,0,1,0
892,1,1,1,1,1,1,0,0,1,1,1
893,0,1,1,0,0,0,0,1,0,1,1
894,1,0,1,0,0,1,1,1,1,1,0
895,0,0,0,1,1,0,1,0,0,1,1
896,0,1,1,1,0,0,1,1,0,0,1
897,0,1,1,0,1,0,0,1,0,1,1
898,1,0,1,1,1,1,1,0,0,1,1
899,1,0,0,1,1,1,0,1,1,1,1
900,0,1,0,1,0,0,0,1,0,1,1
901,1,1,0,0,0,1,1,1,1,1,0
902,1,0,1,1,0,1,0,1,1,0,1
903,0,1,0,1,1,1,0,1,0,0,1
904,1,1,0,0,1,0,0,0,1,0,0
905,0,0,0,1,0,0,0,0,0,0,1
906,0,0,1,0,0,0,0,0,0,1,1
907,0,0,0,1,0,1,1,1,1,0,1
908,1,0,0,0,0,0,1,0,1,1,0
909,1,1,1,1,1,0,1,1,0,1,0
910,1,1,1,1,1,1,1,1,0,1,1
911,1,0,1,1,1,1,0,0,1,1,0
912,1,1,1,0,0,1,1,1,0,0,0
913,0,1,0,0,0,1,0,0,0,0,1
914,0,1,1,0,1,1,0,1,1,1,1
915,0,1,0,0,0,0,0,1,0,1,0
916,1,0,1,0,1,0,1,1,1,0,1
917,1,1,0,0,1,0,1,1,1,1,0
918,1,0,1,0,1,1,1,1,0,1,0
919,0,1,1,0,0,0,0,1,1,1,1
920,1,1,1,1,1,1,1,1,1,1,0
921,1,1,1,0,0,0,0,0,1,1,1
922,0,1,0,1,0,0,1,1,1,1,1
923,0,0,1,1,1,1,0,0,0,1,0
924,0,0,0,0,1,0,0,1,0,0,1
925,1,1,0,1,1,1,0,1,1,0,0
926,1,0,1,1,0,1,0,1,0,1,1
927,1,0,1,0,0,0,0,1,0,1,0
928,1,0,0,0,1,1,1,0,1,0,1
929,1,1,0,1,1,0,1,1,0,0,1
930,0,1,1,1,0,0,0,0,0,1,1
931,1,1,1,0,0,0,1,1,1,0,0
932,0,1,0,1,0,1,0,0,0,1,1
933,0,1,0,0,0,0,1,1,1,0,0
934,0,1,1,0,0,1,0,0,1,0,0
935,0,1,1,1,0,0,0,0,0,0,1
936,1,1,0,0,0,1,1,1,0,1,0
937,0,0,1,0,1,0,1,0,1,1,1
938,1,1,0,1,0,1,0,1,0,0,0
939,1,1,0,1,1,0,0,1,0,0,0
940,0,0,0,1,0,0,0,0,0,1,0
941,0,0,1,1,0,1,1,0,0,1,0
942,1,0,0,0,1,1,1,1,1,1,1
943,0,0,1,1,0,1,1,0,1,1,1
944,1,0,0,0,1,0,1,1,0,1,0
945,1,1,0,0,0,1,0,0,1,1,0
946,1,1,0,1,1,0,1,1,1,0,1
947,0,0,1,1,1,0,0,1,1,0,1
948,0,1,1,0,1,0,0,1,1,1,0
949,0,0,0,1,0,1,1,0,0,0,1
950,1,1,0,0,1,0,0,0,0,1,1
951,0,1,0,1,1,1,0,1,0,0,1
952,1,0,0,1,1,0,0,1,1,1,1
953,0,0,1,1,0,0,1,0,0,0,0
954,0,1,1,1,1,0,1,0,0,1,1
955,1,1,0,1,1,0,0,0,1,0,1
956,0,0,0,1,0,1,0,0,0,1,0
957,0,0,0,0,1,1,1,1,0,1,1
958,0,1,0,0,0,0,1,0,1,0,1
959,1,1,0,1,0,1,1,0,1,1,0
960,1,0,1,0,1,0,0,0,1,1,0
961,0,1,1,1,1,1,1,1,0,1,0
962,1,0,1,0,1,0,1,0,0,1,0
963,1,0,0,0,0,0,1,0,1,1,1
964,1,0,0,0,1,0,0,0,1,0,0
965,0,1,1,0,0,0,1,1,1,1,1
966,0,0,0,0,1,0,1,0,1,0,0
967,0,0,0,0,1,0,1,0,0,1,1
968,1,1,1,1,1,1,1,1,0,0,0
969,1,0,0,0,1,0,1,1,0,1,1
970,1,1,0,0,1,1,0,1,1,1,0
971,1,1,0,0,1,1,1,1,1,1,0
972,1,0,1,1,1,0,0,1,0,0,1
973,0,1,1,0,0,1,1,1,0,1,0
974,1,1,1,1,1,1,1,1,0,0,1
975,1,0,0,1,0,0,1,0,0,1,1
976,0,0,0,1,0,1,1,1,0,1,0
977,1,0,1,1,0,0,1,1,0,0,0
978,0,1,1,1,1,0,0,1,1,1,0
979,0,1,0,1,1,1,0,1,0,1,1
980,0,0,1,1,1,0,0,0,1,1,1
981,1,0,0,0,0,0,1,1,0,1,1
982,1,0,0,1,1,1,0,0,1,0,0
983,1,0,1,1,1,1,1,1,1,1,1
984,1,1,0,0,1,0,1,0,1,0,1
985,1,0,0,1,0,1,1,0,1,1,1
986,1,0,0,0,1,1,1,1,0,1,1
987,1,0,0,1,1,0,1,0,1,1,0
988,0,0,0,0,1,1,1,1,0,0,1
989,1,0,1,0,0,1,0,1,0,0,1
990,1,0,0,0,0,1,0,0,1,1,0
991,0,0,1,1,1,1,0,1,0,0,0
992,1,0,0,1,0,1,1,1,0,1,1
993,0,0,0,0,1,1,1,0,1,1,1
994,1,0,0,1,0,0,0,0,0,1,1
995,1,0,0,0,1,0,1,1,1,0,0
996,1,0,1,0,1,0,1,0,0,1,0
997,1,0,0,0,0,0,0,1,0,0,1
998,1,1,1,0,1,1,1,0,0,0,1
999,0,1,0,0,0,1,1,1,1,0,0
1000,0,1,1,0,0,0,0,0,1,1,0
1001,0,1,0,0,1,1,0,1,1,1,0
1002,1,0,0,1,0,1,0,0,0,1,0
1003,1,0,0,0,0,1,1,0,0,0,1
1004,0,0,1,0,0,1,1,0,0,0,0
1005,0,1,1,1,0,1,0,1,0,1,1
1006,0,1,1,0,1,0,0,0,1,0,1
1007,1,1,0,0,0,0,0,0,0,1,1
1008,1,1,1,1,1,1,0,1,0,1,0
1009,0,1,1,0,0,1,0,1,0,0,0
1010,0,1,1,1,0,1,1,1,1,0,0
1011,1,1,1,0,1,1,0,1,1,1,1
1012,1,1,0,0,0,1,1,1,1,1,0
1013,0,1,1,1,0,0,0,0,0,0,1
1014,1,1,0,0,0,1,1,1,1,0,1
1015,0,0,1,0,1,0,1,1,0,0,1
1016,0,1,0,1,0,0,0,1,0,0,1
1017,1,0,0,0,1,1,1,1,0,0,0
1018,0,1,0,0,1,1,1,0,1,1,0
1019,0,0,1,1,1,0,0,1,0,1,0
1020,1,1,0,0,0,1,0,0,1,1,1
1021,0,1,1,1,0,1,0,0,0,1,0
1022,0,0,1,0,1,0,1,0,1,0,1
1023,0,1,0,1,1,1,0,0,1,0,0
1024,1,1,0,1,1,0,1,1,0,1,1
1025,0,0,1,0,0,0,1,0,1,1,1
1026,0,1,1,1,0,0,0,1,0,0,0
1027,1,0,0,0,0,1,1,1,0,1,1
1028,1,1,0,0,0,1,0,0,1,0,1
1029,0,1,0,0,1,0,0,0,1,1,1
1030,0,1,0,0,0,1,0,1,0,1,1
1031,1,1,0,0,1,0,0,1,1,1,0
1032,0,1,1,0,0,1,1,1,0,0,0
1033,1,1,1,1,0,1,1,1,1,1,0
1034,1,1,1,0,1,1,1,1,0,1,1
1035,0,0,0,1,1,1,1,0,1,0,1
1036,1,0,1,1,0,1,0,0,0,0,0
1037,1,0,1,1,1,0,0,1,1,1,0
1038,1,0,0,1,0,1,1,0,1,0,1
1039,0,0,1,0,0,1,1,0,1,0,0
1040,1,1,0,0,1,1,1,1,0,1,1
1041,1,1,1,1,0,0,0,0,0,1,1
1042,0,0,1,0,1,0,1,0,1,0,1
1043,1,0,0,0,0,0,0,1,1,0,0
1044,1,1,0,0,1,1,0,0,0,0,1
1045,0,1,1,0,1,1,1,1,0,1,0
1046,0,0,0,1,1,1,0,0,1,1,1
1047,1,1,1,0,1,1,0,1,0,0,1
1048,1,0,1,0,1,0,1,0,0,1,1
1049,0,1,1,0,1,1,0,0,1,1,1
1050,0,0,0,1,0,0,1,0,1,0,0
1051,1,0,1,1,1,0,1,0,1,0,0
1052,1,0,0,0,0,0,0,1,0,1,1
1053,0,1,1,0,1,1,1,0,1,1,0
1054,0,1,0,1,0,0,0,0,1,0,0
1055,1,1,0,0,0,0,1,0,1,1,0
1056,0,0,1,0,1,1,1,0,1,0,0
1057,0,1,1,0,0,0,0,0,0,1,1
1058,1,1,0,0,1,1,0,0,0,0,0
1059,0,1,1,1,0,0,0,1,1,1,0
1060,1,0,0,1,1,0,0,1,1,0,0
1061,1,0,0,1,0,1,0,0,1,0,1
1062,0,1,0,0,1,0,1,0,0,0,1
1063,0,0,1,0,1,1,1,0,1,1,0
1064,0,0,0,1,0,0,1,1,1,0,1
1065,1,0,0,0,1,1,0,1,0,1,0
1066,0,0,1,0,1,1,0,0,0,1,1
1067,1,0,0,1,0,1,1,0,0,1,0
1068,0,1,0,1,1,1,1,1,1,1,0
1069,1,1,0,1,0,0,1,1,0,1,1
1070,1,0,1,0,0,1,0,0,0,0,0
1071,0,0,1,0,1,0,1,1,0,1,0
1072,0,0,1,0,1,0,0,1,0,1,1
1073,0,0,0,0,1,0,1,1,0,0,1
1074,0,1,1,1,1,0,0,1,1,1,1
1075,1,1,0,1,0,1,1,0,1,0,1
1076,0,0,0,1,1,1,0,0,1,0,1
1077,0,1,1,0,0,0,0,1,0,1,0
1078,1,0,0,1,1,1,0,0,1,1,1
1079,1,0,1,0,1,1,1,1,1,0,1
1080,1,1,0,1,0,0,0,0,1,1,1
1081,1,0,1,1,1,0,1,0,1,0,0
1082,1,1,0,1,1,1,1,1,1,1,1
1083,1,0,1,0,1,0,1,0,1,0,1
1084,1,0,0,1,1,0,1,0,1,1,1
1085,1,0,0,0,1,0,1,1,1,0,0
1086,1,0,0,1,1,1,0,0,1,1,1
1087,0,0,1,1,0,1,0,0,0,0,1
1088,1,0,0,0,0,0,0,1,1,1,0
1089,1,1,1,0,1,1,0,0,0,0,1
1090,1,1,0,0,1,0,0,1,0,1,0
1091,0,1,1,1,1,1,1,0,1,1,1
1092,1,0,1,0,0,1,1,0,1,1,0
1093,1,0,0,0,1,1,1,0,0,1,1
1094,1,0,0,1,1,0,1,1,1,1,1
1095,0,1,1,1,0,1,1,0,1,1,0
1096,0,0,0,1,0,0,1,0,0,0,0
1097,0,0,0,0,0,1,0,1,1,1,1
1098,0,1,1,0,1,0,0,1,1,0,0
1099,0,0,0,1,1,1,1,0,1,0,0
1100,0,0,0,1,1,0,0,0,1,1,0
1101,1,1,1,1,0,1,0,0,0,0,0
1102,0,0,0,1,0,1,1,1,1,0,0
1103,1,0,0,1,1,1,0,0,1,0,1
1104,0,1,1,0,1,1,1,1,1,1,0
1105,0,0,1,1,0,0,0,0,0,1,0
1106,1,1,1,0,0,0,1,1,1,1,0
1107,1,1,0,0,0,1,1,1,0,0,1
1108,1,0,0,0,1,1,1,0,1,0,1
1109,1,0,0,0,1,1,1,1,1,0,0
1110,0,1,0,1,0,0,0,1,0,1,1
1111,1,0,0,0,0,0,1,1,1,0,1
1112,0,1,0,0,0,1,0,0,1,1,0
1113,0,0,1,1,0,1,1,1,1,0,0
1114,0,1,1,0,1,1,1,0,1,0,1
1115,1,1,1,1,1,1,1,0,1,0,0
1116,1,0,1,1,0,1,0,1,0,0,0
1117,1,0,0,0,0,0,1,0,0,0,0
1118,0,1,0,1,0,1,1,1,0,0,0
1119,1,0,1,1,1,0,1,1,1,1,1
1120,1,1,0,0,0,1,0,1,0,0,1
1121,1,1,0,0,0,0,1,1,0,0,0
1122,1,0,1,1,1,0,0,1,0,1,1
1123,0,1,0,1,1,0,0,0,1,1,1
1124,0,0,0,1,1,0,1,0,1,1,1
1125,1,1,0,0,0,0,1,0,1,1,1
1126,0,0,0,1,0,1,0,1,1,1,1
1127,0,0,0,0,0,0,0,1,1,0,1
1128,0,1,0,1,1,1,0,0,0,1,0
1129,0,1,0,1,1,1,1,1,1,0,1
1130,1,1,1,1,1,0,0,1,0,1,1
1131,0,1,1,0,1,0,0,1,1,0,1
1132,1,1,0,0,0,0,1,0,0,1,1
1133,0,1,0,0,0,0,0,1,0,1,0
1134,0,1,1,1,0,0,0,1,0,1,0
1135,0,0,1,0,1,1,1,0,0,1,0
1136,0,1,1,1,0,1,1,1,0,1,0
1137,1,0,0,1,1,0,0,1,0,0,1
1138,0,1,1,1,0,1,1,0,0,0,0
1139,0,1,0,0,0,1,0,0,0,1,1
1140,1,0,0,1,0,1,0,1,0,1,0
1141,0,1,1,0,1,1,1,1,0,0,0
1142,0,0,1,1,0,1,1,0,1,0,0
1143,1,0,0,1,1,1,0,0,1,0,0
1144,1,0,0,1,0,1,0,0,0,0,1
