,Y_true,Y_Pred,Y_Pred_Prob
0,0,0,0.0
1,0,0,0.09149130832570906
2,0,1,0.7068403908794788
3,0,0,0.013669821240799159
4,1,0,0.3424479166666667
5,0,0,0.07074235807860262
6,0,0,0.0
7,0,0,0.0
8,0,1,0.7068403908794788
9,0,0,0.007575757575757576
10,0,1,0.9184549356223176
11,0,1,0.819672131147541
12,0,0,0.013669821240799159
13,0,0,0.07074235807860262
14,0,0,0.09149130832570906
15,0,0,0.0
16,0,0,0.0
17,0,0,0.3424479166666667
18,0,0,0.013669821240799159
19,0,0,0.013669821240799159
20,0,0,0.0
21,0,0,0.0
22,0,0,0.0
23,0,0,0.0
24,1,1,0.7068403908794788
25,0,0,0.09149130832570906
26,0,0,0.0
27,1,0,0.2639593908629442
28,0,0,0.0
29,0,0,0.0
30,0,0,0.09149130832570906
31,1,0,0.09149130832570906
32,0,0,0.0
33,0,1,0.7068403908794788
34,0,1,0.9184549356223176
35,0,0,0.0
36,0,0,0.0
37,0,1,0.7068403908794788
38,0,0,0.0
39,0,0,0.07074235807860262
40,0,0,0.07074235807860262
41,0,0,0.09149130832570906
42,0,0,0.0
43,0,1,0.9184549356223176
44,0,0,0.14634146341463414
45,0,0,0.013669821240799159
46,1,0,0.2639593908629442
47,0,0,0.0
48,0,0,0.0
49,0,1,0.9184549356223176
50,0,1,0.532258064516129
51,0,1,0.7068403908794788
52,0,0,0.0
53,1,0,0.09149130832570906
54,0,0,0.0
55,0,1,0.819672131147541
56,1,0,0.07074235807860262
57,0,0,0.09149130832570906
58,0,0,0.0
59,1,0,0.013669821240799159
60,0,0,0.09149130832570906
61,0,1,0.7068403908794788
62,0,0,0.09149130832570906
63,0,0,0.0
64,0,0,0.0
65,0,0,0.0
66,1,0,0.0
67,0,0,0.007575757575757576
68,1,0,0.0
69,0,1,0.7068403908794788
70,0,0,0.3424479166666667
71,0,0,0.0
72,0,0,0.0
73,0,0,0.0
74,0,0,0.3424479166666667
75,0,0,0.07074235807860262
76,0,0,0.3424479166666667
77,0,0,0.09149130832570906
78,0,0,0.0
79,0,0,0.09149130832570906
80,0,0,0.2639593908629442
81,1,0,0.007575757575757576
82,0,0,0.07074235807860262
83,0,0,0.0
84,0,0,0.0
85,1,0,0.3424479166666667
86,0,0,0.0
87,0,0,0.3424479166666667
88,0,0,0.09149130832570906
89,0,0,0.2639593908629442
90,0,1,0.532258064516129
91,0,0,0.3424479166666667
92,0,0,0.09149130832570906
93,0,0,0.013669821240799159
94,1,0,0.3424479166666667
95,0,0,0.3424479166666667
96,0,0,0.0
97,0,0,0.3424479166666667
98,0,0,0.07074235807860262
99,0,1,0.532258064516129
100,0,0,0.0
101,1,0,0.07074235807860262
102,0,1,0.532258064516129
103,1,0,0.0
104,1,0,0.0
105,1,0,0.07074235807860262
106,0,0,0.09149130832570906
107,0,0,0.0
108,0,0,0.14634146341463414
109,0,0,0.09149130832570906
110,0,0,0.3424479166666667
111,0,0,0.0
112,0,0,0.07074235807860262
113,0,1,0.7068403908794788
114,0,0,0.3424479166666667
115,0,0,0.0
116,1,0,0.09149130832570906
117,0,0,0.0
118,0,0,0.07074235807860262
119,1,0,0.3424479166666667
120,0,1,0.819672131147541
121,1,0,0.013669821240799159
122,0,0,0.0
123,0,0,0.07074235807860262
124,0,0,0.007575757575757576
125,0,0,0.013669821240799159
126,0,0,0.07074235807860262
127,0,0,0.0
128,1,0,0.0
129,0,1,0.9184549356223176
130,1,1,0.5723076923076923
131,1,0,0.0
132,0,0,0.0
133,0,0,0.3424479166666667
134,0,0,0.0
135,0,0,0.0
136,0,0,0.07074235807860262
137,0,1,0.5723076923076923
138,0,0,0.0
139,0,0,0.0
140,1,0,0.09149130832570906
141,0,0,0.07074235807860262
142,0,0,0.07074235807860262
143,0,1,0.7068403908794788
144,0,0,0.2639593908629442
145,0,0,0.0
146,0,0,0.013669821240799159
147,0,0,0.0
148,1,0,0.0
149,0,0,0.0
150,0,0,0.07074235807860262
151,0,0,0.0
152,0,0,0.007575757575757576
153,0,0,0.0
154,0,0,0.007575757575757576
155,0,0,0.0
156,0,0,0.14634146341463414
157,0,0,0.0
158,0,1,0.9184549356223176
159,0,0,0.3424479166666667
160,0,0,0.0
161,0,0,0.0
162,0,0,0.09149130832570906
163,0,1,0.5723076923076923
164,0,0,0.3424479166666667
165,0,0,0.0
166,0,0,0.013669821240799159
167,0,0,0.0
168,0,0,0.013669821240799159
169,1,0,0.09149130832570906
170,0,0,0.0
171,0,0,0.07074235807860262
172,1,0,0.0
173,1,1,0.819672131147541
174,1,1,0.9184549356223176
175,0,0,0.09149130832570906
176,0,0,0.07074235807860262
177,1,0,0.14634146341463414
178,0,1,0.819672131147541
179,0,0,0.0
180,0,0,0.07074235807860262
181,0,0,0.09149130832570906
182,0,1,0.7068403908794788
183,0,0,0.07074235807860262
184,0,0,0.09149130832570906
185,0,0,0.0
186,0,0,0.0
187,0,0,0.013669821240799159
188,0,0,0.2639593908629442
189,0,0,0.09149130832570906
190,0,0,0.3424479166666667
191,0,0,0.0
192,0,0,0.013669821240799159
193,1,0,0.0
194,1,0,0.0
195,0,0,0.013669821240799159
196,1,1,0.9184549356223176
197,0,0,0.0
198,0,0,0.0
199,0,0,0.07074235807860262
200,0,0,0.0
201,0,0,0.3424479166666667
202,0,0,0.09149130832570906
203,0,0,0.09149130832570906
204,0,0,0.0
205,0,0,0.2639593908629442
206,0,0,0.0
207,1,0,0.07074235807860262
208,1,0,0.0
209,0,0,0.0
210,0,0,0.0
211,1,0,0.0
212,1,0,0.0
213,0,1,0.9184549356223176
214,0,0,0.09149130832570906
215,0,0,0.0
216,1,0,0.0
217,0,0,0.3424479166666667
218,0,0,0.09149130832570906
219,1,0,0.0
220,0,0,0.013669821240799159
221,1,0,0.09149130832570906
222,0,0,0.07074235807860262
223,0,0,0.07074235807860262
224,1,1,0.7068403908794788
225,0,0,0.0
226,0,1,0.7068403908794788
227,1,0,0.0
228,0,0,0.0
229,0,0,0.07074235807860262
230,0,0,0.0
231,0,0,0.14634146341463414
232,0,0,0.0
233,1,0,0.07074235807860262
234,0,0,0.09149130832570906
235,0,0,0.0
236,1,0,0.013669821240799159
237,0,1,0.7068403908794788
238,0,0,0.0
239,0,0,0.0
240,1,0,0.0
241,1,1,0.9184549356223176
242,0,1,0.819672131147541
243,0,1,0.5723076923076923
244,1,0,0.007575757575757576
245,0,0,0.07074235807860262
246,0,0,0.0
247,0,0,0.09149130832570906
248,0,0,0.09149130832570906
249,0,0,0.0
250,0,0,0.0
251,0,0,0.07074235807860262
252,0,0,0.013669821240799159
253,0,0,0.0
254,0,0,0.013669821240799159
255,0,0,0.0
256,0,0,0.0
257,1,0,0.0
258,0,0,0.0
259,0,0,0.0
260,0,0,0.0
261,0,0,0.0
262,0,1,0.696969696969697
263,0,0,0.0
264,1,0,0.07074235807860262
265,0,0,0.0
266,0,0,0.013669821240799159
267,1,0,0.09149130832570906
268,0,0,0.3424479166666667
269,0,0,0.07074235807860262
270,0,0,0.013669821240799159
271,0,1,0.9184549356223176
272,0,0,0.0
273,0,0,0.0
274,0,0,0.0
275,0,0,0.07074235807860262
276,0,1,0.696969696969697
277,0,0,0.07074235807860262
278,1,0,0.007575757575757576
279,0,0,0.3424479166666667
280,0,1,0.7068403908794788
281,1,0,0.07074235807860262
282,0,1,0.5723076923076923
283,0,0,0.3424479166666667
284,0,0,0.0
285,1,0,0.3424479166666667
286,0,1,0.7068403908794788
287,0,0,0.3424479166666667
288,0,0,0.0
289,0,1,0.9184549356223176
290,0,1,0.819672131147541
291,1,0,0.09149130832570906
292,0,0,0.09149130832570906
293,0,0,0.0
294,1,1,0.819672131147541
295,0,0,0.09149130832570906
296,1,0,0.0
297,0,0,0.2639593908629442
298,0,0,0.09149130832570906
299,0,0,0.09149130832570906
300,1,0,0.07074235807860262
301,0,0,0.0
302,1,0,0.0
303,0,0,0.0
304,0,0,0.07074235807860262
305,0,0,0.0
306,0,0,0.3424479166666667
307,0,0,0.3424479166666667
308,1,0,0.0
309,0,0,0.0
310,0,0,0.09149130832570906
311,0,0,0.007575757575757576
312,0,1,0.7068403908794788
313,0,0,0.09149130832570906
314,0,0,0.0
315,1,0,0.013669821240799159
316,0,1,0.5723076923076923
317,0,0,0.0
318,0,0,0.07074235807860262
319,0,1,0.532258064516129
320,0,0,0.3424479166666667
321,0,0,0.0
322,0,0,0.3424479166666667
323,0,1,0.696969696969697
324,0,1,0.696969696969697
325,1,0,0.0
326,0,0,0.09149130832570906
327,0,0,0.0
328,0,1,0.532258064516129
329,0,0,0.0
330,1,0,0.0
331,1,1,0.7068403908794788
332,0,0,0.013669821240799159
333,0,0,0.013669821240799159
334,0,0,0.0
335,0,0,0.2639593908629442
336,0,1,0.819672131147541
337,0,1,0.7068403908794788
338,1,0,0.3424479166666667
339,0,1,0.532258064516129
340,0,0,0.09149130832570906
341,0,0,0.0
342,0,0,0.0
343,0,0,0.013669821240799159
344,0,0,0.0
345,0,0,0.0
346,0,0,0.3424479166666667
347,0,1,0.819672131147541
348,0,0,0.0
349,0,1,0.7068403908794788
350,0,0,0.0
351,0,0,0.013669821240799159
352,0,1,0.5723076923076923
353,0,0,0.013669821240799159
354,0,0,0.0
355,0,0,0.09149130832570906
356,0,0,0.013669821240799159
357,0,1,0.7068403908794788
358,0,0,0.0
359,0,0,0.013669821240799159
360,0,0,0.0
361,0,0,0.013669821240799159
362,0,0,0.2639593908629442
363,0,1,0.7068403908794788
364,0,0,0.013669821240799159
365,0,0,0.0
366,0,1,0.819672131147541
367,0,0,0.09149130832570906
368,0,0,0.0
369,0,0,0.14634146341463414
370,0,1,0.5723076923076923
371,0,0,0.013669821240799159
372,1,0,0.07074235807860262
373,0,0,0.09149130832570906
374,0,0,0.07074235807860262
375,0,0,0.0
376,0,0,0.09149130832570906
377,1,0,0.3424479166666667
378,0,0,0.0
379,0,0,0.09149130832570906
380,0,0,0.3424479166666667
381,1,0,0.3424479166666667
382,0,0,0.013669821240799159
383,0,0,0.0
384,0,0,0.0
385,0,0,0.013669821240799159
386,0,0,0.0
387,0,0,0.0
388,0,0,0.0
389,1,0,0.2639593908629442
390,0,0,0.3424479166666667
391,0,0,0.0
392,0,0,0.07074235807860262
393,0,1,0.7068403908794788
394,0,0,0.09149130832570906
395,0,0,0.09149130832570906
396,0,0,0.0
397,0,0,0.0
398,0,1,0.7068403908794788
399,0,0,0.09149130832570906
400,0,1,0.9184549356223176
401,0,1,0.9184549356223176
402,1,0,0.07074235807860262
403,0,0,0.0
404,0,0,0.0
405,0,0,0.07074235807860262
406,0,0,0.013669821240799159
407,0,0,0.0
408,0,0,0.0
409,0,0,0.0
410,0,0,0.0
411,0,0,0.0
412,0,0,0.0
413,0,0,0.07074235807860262
414,1,0,0.09149130832570906
415,0,0,0.09149130832570906
416,1,1,0.819672131147541
417,0,0,0.0
418,0,0,0.09149130832570906
419,0,1,0.5723076923076923
420,0,0,0.0
421,1,1,0.7068403908794788
422,0,1,0.7068403908794788
423,0,0,0.013669821240799159
424,0,0,0.0
425,0,1,0.7068403908794788
426,0,0,0.0
427,0,0,0.07074235807860262
428,0,0,0.09149130832570906
429,0,0,0.0
430,0,0,0.3424479166666667
431,0,1,0.9184549356223176
432,0,0,0.3424479166666667
433,0,0,0.013669821240799159
434,0,0,0.0
435,0,1,0.7068403908794788
436,0,0,0.0
437,1,0,0.013669821240799159
438,1,1,0.532258064516129
439,0,0,0.14634146341463414
440,0,0,0.0
441,0,0,0.07074235807860262
442,0,0,0.07074235807860262
443,0,0,0.09149130832570906
444,0,0,0.007575757575757576
445,0,0,0.07074235807860262
446,0,0,0.07074235807860262
447,0,0,0.07074235807860262
448,0,0,0.09149130832570906
449,0,0,0.0
450,0,0,0.09149130832570906
451,1,1,0.532258064516129
452,0,0,0.0
453,0,0,0.2639593908629442
454,0,0,0.0
455,0,0,0.0
456,0,0,0.09149130832570906
457,0,0,0.013669821240799159
458,0,1,0.5723076923076923
459,1,0,0.0
460,0,0,0.3424479166666667
461,0,0,0.013669821240799159
462,0,0,0.0
463,0,0,0.0
464,1,0,0.09149130832570906
465,0,0,0.3424479166666667
466,0,0,0.013669821240799159
467,0,0,0.013669821240799159
468,0,0,0.07074235807860262
469,0,0,0.09149130832570906
470,1,0,0.013669821240799159
471,0,0,0.09149130832570906
472,0,0,0.0
473,0,0,0.3424479166666667
474,1,0,0.0
475,1,0,0.2639593908629442
476,0,0,0.0
477,0,0,0.0
478,0,0,0.0
479,0,0,0.0
480,1,0,0.0
481,0,0,0.0
482,0,0,0.013669821240799159
483,0,0,0.07074235807860262
484,0,0,0.07074235807860262
485,0,0,0.0
486,0,0,0.2639593908629442
487,0,0,0.0
488,0,0,0.007575757575757576
489,0,1,0.5723076923076923
490,0,0,0.013669821240799159
491,0,0,0.0
492,1,0,0.09149130832570906
493,0,0,0.3424479166666667
494,0,0,0.09149130832570906
495,0,0,0.013669821240799159
496,0,0,0.09149130832570906
497,0,0,0.0
498,0,0,0.013669821240799159
499,0,0,0.16666666666666666
500,0,0,0.0
501,1,0,0.0
502,0,0,0.07074235807860262
503,0,0,0.013669821240799159
504,0,0,0.0
505,0,0,0.07074235807860262
506,0,0,0.07074235807860262
507,0,0,0.013669821240799159
508,0,0,0.0
509,0,1,0.9184549356223176
510,0,0,0.0
511,0,0,0.007575757575757576
512,1,0,0.013669821240799159
513,0,0,0.0
514,0,0,0.09149130832570906
515,0,0,0.0
516,0,0,0.07074235807860262
517,0,0,0.013669821240799159
518,0,0,0.09149130832570906
519,0,0,0.0
520,0,0,0.09149130832570906
521,0,0,0.0
522,0,0,0.07074235807860262
523,1,0,0.0
524,0,1,0.9184549356223176
525,0,0,0.09149130832570906
526,0,1,0.9184549356223176
527,0,0,0.3424479166666667
528,0,0,0.013669821240799159
529,0,1,0.5723076923076923
530,1,0,0.07074235807860262
531,0,1,0.532258064516129
532,0,0,0.09149130832570906
533,0,0,0.0
534,0,1,0.9184549356223176
535,1,0,0.09149130832570906
536,0,0,0.07074235807860262
537,0,0,0.0
538,0,0,0.013669821240799159
539,0,0,0.3424479166666667
540,0,0,0.0
541,0,1,0.5723076923076923
542,0,0,0.07074235807860262
543,0,0,0.09149130832570906
544,0,0,0.09149130832570906
545,0,0,0.09149130832570906
546,0,0,0.07074235807860262
547,0,0,0.09149130832570906
548,0,0,0.0
549,0,0,0.3424479166666667
550,1,0,0.09149130832570906
551,1,0,0.013669821240799159
552,0,0,0.09149130832570906
553,0,0,0.3424479166666667
554,1,0,0.09149130832570906
555,0,0,0.0
556,0,0,0.0
557,0,0,0.3424479166666667
558,0,0,0.0
559,0,0,0.0
560,0,0,0.013669821240799159
561,0,0,0.14634146341463414
562,0,0,0.3424479166666667
563,0,0,0.0
564,0,0,0.0
565,0,0,0.0
566,0,0,0.0
567,0,0,0.16666666666666666
568,0,0,0.013669821240799159
569,0,0,0.0
570,0,0,0.0
571,0,0,0.0
572,0,0,0.0
573,0,0,0.07074235807860262
574,0,0,0.0
575,1,0,0.0
576,0,0,0.3424479166666667
577,0,0,0.09149130832570906
578,1,0,0.0
579,0,0,0.007575757575757576
580,0,0,0.0
581,1,0,0.09149130832570906
582,0,0,0.013669821240799159
583,0,1,0.7068403908794788
584,0,1,0.7068403908794788
585,0,0,0.0
586,0,1,0.7068403908794788
587,0,0,0.07074235807860262
588,0,0,0.0
589,0,0,0.0
590,0,0,0.3424479166666667
591,1,0,0.0
592,0,0,0.3424479166666667
593,1,0,0.007575757575757576
594,0,0,0.013669821240799159
595,0,0,0.013669821240799159
596,0,0,0.0
597,1,0,0.0
598,0,0,0.013669821240799159
599,0,0,0.0
600,0,0,0.09149130832570906
601,0,0,0.09149130832570906
602,0,1,0.9184549356223176
603,0,0,0.07074235807860262
604,0,0,0.013669821240799159
605,0,0,0.09149130832570906
606,1,0,0.0
607,0,0,0.0
608,1,1,0.9184549356223176
609,0,0,0.0
610,0,0,0.0
611,0,0,0.07074235807860262
612,0,1,0.5723076923076923
613,0,0,0.2639593908629442
614,0,0,0.0
615,0,0,0.013669821240799159
616,0,0,0.013669821240799159
617,0,0,0.09149130832570906
618,0,0,0.2639593908629442
619,0,0,0.09149130832570906
620,0,0,0.07074235807860262
621,0,0,0.0
622,0,0,0.0
623,0,0,0.0
624,0,1,0.5723076923076923
625,0,0,0.3424479166666667
626,0,0,0.0
627,0,0,0.007575757575757576
628,0,0,0.0
629,0,1,0.5723076923076923
630,0,0,0.0
631,1,0,0.0
632,0,0,0.0
633,1,0,0.0
634,1,0,0.09149130832570906
635,0,1,0.9184549356223176
636,0,0,0.07074235807860262
637,0,0,0.007575757575757576
638,0,0,0.09149130832570906
639,0,0,0.0
640,0,0,0.07074235807860262
641,0,0,0.0
642,0,0,0.07074235807860262
643,1,0,0.07074235807860262
644,0,0,0.09149130832570906
645,0,1,0.532258064516129
646,0,0,0.09149130832570906
647,0,0,0.013669821240799159
648,1,0,0.09149130832570906
649,0,0,0.007575757575757576
650,0,0,0.07074235807860262
651,0,0,0.2639593908629442
652,0,0,0.0
653,1,0,0.09149130832570906
654,0,0,0.07074235807860262
655,0,0,0.013669821240799159
656,0,0,0.09149130832570906
657,0,0,0.0
658,0,0,0.0
659,0,0,0.0
660,0,0,0.013669821240799159
661,0,0,0.013669821240799159
662,0,0,0.07074235807860262
663,0,0,0.16666666666666666
664,1,0,0.0
665,0,0,0.0
666,0,0,0.0
667,0,0,0.16666666666666666
668,0,0,0.09149130832570906
669,0,0,0.07074235807860262
670,0,0,0.0
671,0,0,0.09149130832570906
672,0,0,0.0
673,0,0,0.013669821240799159
674,1,0,0.013669821240799159
675,0,0,0.2639593908629442
676,0,1,0.7068403908794788
677,0,1,0.5723076923076923
678,0,0,0.0
679,0,0,0.0
680,1,0,0.09149130832570906
681,0,0,0.07074235807860262
682,1,0,0.09149130832570906
683,0,0,0.007575757575757576
684,0,0,0.07074235807860262
685,0,0,0.07074235807860262
686,0,0,0.0
687,1,0,0.3424479166666667
688,0,1,0.9184549356223176
689,0,0,0.07074235807860262
690,0,0,0.09149130832570906
691,0,0,0.0
692,1,0,0.07074235807860262
693,0,0,0.0
694,0,0,0.0
695,0,0,0.07074235807860262
696,0,0,0.0
697,1,0,0.0
698,0,0,0.14634146341463414
699,0,1,0.9184549356223176
700,0,0,0.0
701,0,0,0.07074235807860262
702,1,0,0.07074235807860262
703,0,0,0.0
704,0,0,0.0
705,0,0,0.3424479166666667
706,0,1,0.532258064516129
707,0,0,0.0
708,0,0,0.0
709,0,0,0.09149130832570906
710,1,0,0.0
711,1,0,0.07074235807860262
712,1,0,0.0
713,1,0,0.0
714,0,1,0.5723076923076923
715,0,0,0.013669821240799159
716,0,0,0.09149130832570906
717,0,0,0.0
718,0,0,0.0
719,0,0,0.2639593908629442
720,0,0,0.07074235807860262
721,0,1,0.532258064516129
722,0,1,0.5723076923076923
723,0,1,0.5723076923076923
724,0,0,0.07074235807860262
725,0,0,0.07074235807860262
726,0,1,0.7068403908794788
727,0,0,0.0
728,0,0,0.07074235807860262
729,0,0,0.0
730,0,0,0.09149130832570906
731,0,0,0.0
732,0,0,0.3424479166666667
733,1,1,0.7068403908794788
734,1,0,0.2639593908629442
735,1,0,0.07074235807860262
736,1,0,0.013669821240799159
737,1,0,0.0
738,0,0,0.0
739,0,0,0.0
740,0,0,0.0
741,1,0,0.3424479166666667
742,1,0,0.07074235807860262
743,0,0,0.013669821240799159
744,0,0,0.07074235807860262
745,0,1,0.7068403908794788
746,0,0,0.013669821240799159
747,0,0,0.3424479166666667
748,0,0,0.2639593908629442
749,0,0,0.07074235807860262
750,0,0,0.07074235807860262
751,0,1,0.696969696969697
752,0,0,0.14634146341463414
753,0,0,0.0
754,0,1,0.819672131147541
755,0,1,0.7068403908794788
756,1,0,0.0
757,0,0,0.3424479166666667
758,0,1,0.696969696969697
759,0,0,0.0
760,0,0,0.07074235807860262
761,0,1,0.5723076923076923
762,0,0,0.3424479166666667
763,0,0,0.3424479166666667
764,0,1,0.9184549356223176
765,0,0,0.07074235807860262
766,0,0,0.0
767,0,0,0.007575757575757576
768,0,0,0.0
769,0,0,0.0
770,0,0,0.3424479166666667
771,0,0,0.0
772,0,1,0.7068403908794788
773,0,0,0.09149130832570906
774,0,0,0.09149130832570906
775,0,0,0.0
776,0,0,0.3424479166666667
777,1,0,0.013669821240799159
778,0,0,0.0
779,0,0,0.0
780,0,0,0.0
781,0,0,0.013669821240799159
782,1,1,0.819672131147541
783,0,0,0.0
784,0,0,0.0
785,0,1,0.9184549356223176
786,0,0,0.0
787,0,1,0.532258064516129
788,1,0,0.0
789,0,0,0.07074235807860262
790,0,1,0.819672131147541
791,1,0,0.09149130832570906
792,0,0,0.07074235807860262
793,0,0,0.013669821240799159
794,0,0,0.0
795,0,0,0.3424479166666667
796,0,0,0.013669821240799159
797,1,0,0.09149130832570906
798,0,0,0.09149130832570906
799,0,0,0.0
800,0,1,0.819672131147541
801,0,0,0.07074235807860262
802,0,0,0.14634146341463414
803,0,0,0.0
804,0,0,0.09149130832570906
805,0,1,0.7068403908794788
806,0,0,0.09149130832570906
807,0,0,0.3424479166666667
808,0,0,0.0
809,1,1,0.9184549356223176
810,0,0,0.0
811,0,0,0.0
812,0,0,0.0
813,1,1,0.532258064516129
814,0,0,0.0
815,0,0,0.013669821240799159
816,0,0,0.0
817,0,0,0.07074235807860262
818,0,0,0.013669821240799159
819,0,0,0.09149130832570906
820,0,0,0.007575757575757576
821,0,0,0.09149130832570906
822,0,0,0.0
823,0,0,0.07074235807860262
824,0,0,0.09149130832570906
825,0,0,0.07074235807860262
826,1,0,0.09149130832570906
827,0,1,0.7068403908794788
828,0,0,0.0
829,0,0,0.09149130832570906
830,0,0,0.09149130832570906
831,1,0,0.09149130832570906
832,1,0,0.0
833,0,0,0.013669821240799159
834,0,0,0.0
835,0,0,0.07074235807860262
836,0,0,0.013669821240799159
837,0,1,0.9184549356223176
838,0,0,0.0
839,0,0,0.0
840,0,1,0.9184549356223176
841,0,0,0.0
842,0,0,0.0
843,0,0,0.3424479166666667
844,0,0,0.0
845,0,1,0.5723076923076923
846,1,0,0.09149130832570906
847,0,0,0.013669821240799159
848,0,1,0.5723076923076923
849,0,0,0.0
850,0,0,0.07074235807860262
851,0,0,0.0
852,0,0,0.3424479166666667
853,0,0,0.07074235807860262
854,0,0,0.0
855,1,1,0.7068403908794788
856,0,0,0.0
857,0,0,0.0
858,0,0,0.013669821240799159
859,0,0,0.07074235807860262
860,1,0,0.0
861,0,0,0.0
862,1,1,0.7068403908794788
863,0,0,0.013669821240799159
864,0,0,0.14634146341463414
865,0,1,0.696969696969697
866,0,0,0.013669821240799159
867,1,0,0.0
868,0,0,0.07074235807860262
869,0,0,0.0
870,0,0,0.0
871,0,0,0.013669821240799159
872,0,0,0.0
873,0,0,0.0
874,0,0,0.0
875,0,0,0.013669821240799159
876,1,0,0.09149130832570906
877,0,0,0.2639593908629442
878,0,0,0.3424479166666667
879,0,0,0.0
880,0,0,0.0
881,0,0,0.07074235807860262
882,1,0,0.09149130832570906
883,0,0,0.0
884,0,1,0.532258064516129
885,1,0,0.0
886,1,1,0.9184549356223176
887,0,1,0.696969696969697
888,1,1,0.696969696969697
889,1,0,0.0
890,0,0,0.0
891,0,1,0.5723076923076923
892,0,0,0.07074235807860262
893,0,1,0.9184549356223176
894,0,0,0.013669821240799159
895,0,0,0.0
896,1,0,0.0
897,0,0,0.0
898,0,1,0.9184549356223176
899,0,0,0.0
900,0,0,0.013669821240799159
901,0,0,0.0
902,0,0,0.07074235807860262
903,0,0,0.09149130832570906
904,0,0,0.0
905,0,0,0.09149130832570906
906,0,1,0.5723076923076923
907,0,0,0.0
908,0,0,0.07074235807860262
909,0,0,0.0
910,0,1,0.7068403908794788
911,0,0,0.07074235807860262
912,0,0,0.013669821240799159
913,0,0,0.0
914,0,1,0.5723076923076923
915,0,0,0.0
916,0,1,0.9184549356223176
917,0,1,0.9184549356223176
918,0,0,0.0
919,1,0,0.0
920,0,0,0.013669821240799159
921,0,0,0.07074235807860262
922,0,0,0.0
923,0,0,0.07074235807860262
924,0,0,0.0
925,0,0,0.0
926,0,0,0.09149130832570906
927,0,0,0.0
928,0,0,0.013669821240799159
929,0,0,0.09149130832570906
930,0,0,0.0
931,0,0,0.3424479166666667
932,0,0,0.0
933,0,0,0.013669821240799159
934,0,0,0.3424479166666667
935,0,1,0.532258064516129
936,0,0,0.0
937,0,0,0.0
938,1,0,0.0
939,0,0,0.09149130832570906
940,0,0,0.0
941,0,0,0.013669821240799159
942,0,0,0.0
943,0,0,0.0
944,0,0,0.0
945,1,0,0.0
946,0,0,0.0
947,0,0,0.0
948,0,1,0.7068403908794788
949,0,0,0.0
950,0,0,0.0
951,0,0,0.07074235807860262
952,0,0,0.013669821240799159
953,0,0,0.09149130832570906
954,0,0,0.09149130832570906
955,0,0,0.0
956,1,0,0.14634146341463414
957,0,0,0.3424479166666667
958,0,1,0.9184549356223176
959,0,0,0.09149130832570906
960,0,0,0.3424479166666667
961,0,0,0.013669821240799159
962,0,0,0.0
963,0,0,0.013669821240799159
964,0,0,0.013669821240799159
965,0,0,0.3424479166666667
966,1,0,0.09149130832570906
967,0,0,0.3424479166666667
968,0,0,0.0
969,0,1,0.5723076923076923
970,0,0,0.07074235807860262
971,0,0,0.2639593908629442
972,0,0,0.07074235807860262
973,1,1,0.7068403908794788
974,0,0,0.0
975,0,0,0.0
976,0,0,0.0
977,0,0,0.0
978,0,0,0.09149130832570906
979,0,0,0.09149130832570906
980,0,0,0.07074235807860262
981,0,0,0.07074235807860262
982,0,0,0.07074235807860262
983,0,0,0.07074235807860262
984,0,1,0.5723076923076923
985,0,0,0.3424479166666667
986,0,1,0.5723076923076923
987,0,0,0.09149130832570906
988,0,0,0.3424479166666667
989,0,0,0.3424479166666667
990,0,1,0.5723076923076923
991,0,0,0.07074235807860262
992,1,0,0.0
993,0,0,0.0
994,0,0,0.0
995,1,0,0.09149130832570906
996,0,0,0.0
997,0,0,0.0
998,0,0,0.0
999,0,0,0.09149130832570906
1000,0,0,0.07074235807860262
1001,0,0,0.013669821240799159
1002,0,0,0.0
1003,0,1,0.7068403908794788
1004,0,0,0.013669821240799159
1005,0,1,0.819672131147541
1006,1,0,0.07074235807860262
1007,0,0,0.14634146341463414
1008,0,0,0.0
1009,0,0,0.0
1010,0,0,0.2639593908629442
1011,0,0,0.0
1012,0,0,0.0
1013,0,0,0.0
1014,0,0,0.07074235807860262
1015,0,0,0.0
1016,0,1,0.9184549356223176
1017,0,0,0.07074235807860262
1018,0,0,0.09149130832570906
1019,0,0,0.0
1020,0,0,0.0
1021,1,0,0.013669821240799159
1022,0,0,0.07074235807860262
1023,1,0,0.0
1024,0,0,0.07074235807860262
1025,0,0,0.0
1026,0,0,0.013669821240799159
1027,0,0,0.2639593908629442
1028,1,1,0.696969696969697
1029,1,0,0.013669821240799159
1030,1,0,0.07074235807860262
1031,0,0,0.14634146341463414
1032,0,0,0.0
1033,0,0,0.07074235807860262
1034,1,0,0.09149130832570906
1035,0,0,0.0
1036,0,0,0.07074235807860262
1037,0,0,0.0
1038,0,1,0.7068403908794788
1039,0,0,0.0
1040,1,1,0.7068403908794788
1041,0,0,0.0
1042,0,0,0.3424479166666667
1043,0,0,0.3424479166666667
1044,0,0,0.0
1045,0,1,0.7068403908794788
1046,0,0,0.0
1047,0,0,0.0
1048,0,0,0.09149130832570906
1049,0,0,0.2639593908629442
1050,0,0,0.07074235807860262
1051,1,1,0.5723076923076923
1052,0,0,0.013669821240799159
1053,0,1,0.7068403908794788
1054,0,0,0.0
1055,0,0,0.09149130832570906
1056,0,1,0.5723076923076923
1057,0,0,0.013669821240799159
1058,0,0,0.16666666666666666
1059,0,0,0.07074235807860262
1060,0,0,0.013669821240799159
1061,0,0,0.0
1062,0,0,0.3424479166666667
1063,0,0,0.16666666666666666
1064,0,0,0.0
1065,0,0,0.3424479166666667
1066,0,0,0.0
1067,0,0,0.0
1068,0,0,0.013669821240799159
1069,0,0,0.14634146341463414
1070,0,0,0.0
1071,0,0,0.09149130832570906
1072,0,0,0.09149130832570906
1073,0,0,0.0
1074,0,0,0.2639593908629442
1075,0,0,0.0
1076,0,0,0.07074235807860262
1077,0,0,0.0
1078,0,0,0.07074235807860262
1079,0,0,0.0
1080,0,0,0.07074235807860262
1081,1,0,0.013669821240799159
1082,0,0,0.07074235807860262
1083,0,0,0.07074235807860262
1084,0,0,0.0
1085,0,0,0.0
1086,0,0,0.0
1087,0,0,0.3424479166666667
1088,0,0,0.0
1089,0,0,0.0
1090,1,0,0.0
1091,0,0,0.013669821240799159
1092,0,0,0.09149130832570906
1093,1,0,0.0
1094,0,0,0.0
1095,0,0,0.09149130832570906
1096,0,1,0.5723076923076923
1097,0,0,0.0
1098,0,0,0.0
1099,1,0,0.0
1100,0,1,0.819672131147541
1101,1,0,0.3424479166666667
1102,1,0,0.3424479166666667
1103,0,0,0.09149130832570906
1104,1,0,0.0
1105,0,0,0.013669821240799159
1106,0,0,0.07074235807860262
1107,0,0,0.07074235807860262
1108,1,1,0.5723076923076923
1109,0,0,0.0
1110,0,1,0.532258064516129
1111,0,0,0.09149130832570906
1112,0,0,0.0
1113,0,0,0.0
1114,0,0,0.3424479166666667
1115,0,0,0.0
1116,0,0,0.3424479166666667
1117,0,0,0.0
1118,0,0,0.14634146341463414
1119,0,0,0.013669821240799159
1120,0,0,0.013669821240799159
1121,0,0,0.07074235807860262
1122,0,0,0.0
1123,1,0,0.0
1124,0,0,0.2639593908629442
1125,0,0,0.0
1126,0,0,0.07074235807860262
1127,0,0,0.0
1128,0,0,0.09149130832570906
1129,0,1,0.532258064516129
1130,0,0,0.013669821240799159
1131,1,1,0.7068403908794788
1132,1,0,0.0
1133,0,0,0.3424479166666667
1134,0,0,0.3424479166666667
1135,1,0,0.3424479166666667
1136,0,0,0.09149130832570906
1137,0,0,0.09149130832570906
1138,0,0,0.0
1139,0,0,0.013669821240799159
1140,0,0,0.3424479166666667
1141,0,0,0.09149130832570906
1142,0,0,0.09149130832570906
1143,0,1,0.9184549356223176
1144,0,0,0.013669821240799159
1145,0,0,0.0
1146,0,0,0.0
1147,1,0,0.013669821240799159
1148,0,0,0.16666666666666666
1149,0,1,0.5723076923076923
1150,1,0,0.0
1151,0,0,0.013669821240799159
1152,0,0,0.14634146341463414
1153,0,0,0.0
1154,0,0,0.09149130832570906
1155,0,0,0.0
1156,1,0,0.2639593908629442
1157,1,0,0.007575757575757576
1158,0,0,0.09149130832570906
1159,0,0,0.0
1160,0,0,0.0
1161,0,0,0.0
1162,0,0,0.0
1163,0,1,0.5723076923076923
1164,0,0,0.0
1165,0,0,0.0
1166,0,0,0.09149130832570906
1167,0,0,0.0
1168,0,1,0.7068403908794788
1169,1,0,0.013669821240799159
1170,0,0,0.0
1171,1,0,0.0
1172,0,0,0.07074235807860262
1173,0,1,0.5723076923076923
1174,0,0,0.0
1175,0,0,0.09149130832570906
1176,0,0,0.3424479166666667
1177,0,0,0.07074235807860262
1178,0,1,0.5723076923076923
1179,0,1,0.7068403908794788
1180,0,0,0.0
1181,0,0,0.0
1182,0,0,0.0
1183,0,0,0.07074235807860262
1184,0,0,0.09149130832570906
1185,0,0,0.007575757575757576
1186,0,0,0.0
1187,0,0,0.09149130832570906
1188,0,0,0.0
1189,0,0,0.09149130832570906
1190,0,0,0.0
1191,0,0,0.0
1192,0,0,0.2639593908629442
1193,1,1,0.696969696969697
1194,1,0,0.0
1195,0,0,0.3424479166666667
1196,0,0,0.0
1197,0,0,0.2639593908629442
1198,0,0,0.0
1199,0,0,0.013669821240799159
1200,1,0,0.07074235807860262
1201,0,0,0.0
1202,0,0,0.07074235807860262
1203,0,0,0.09149130832570906
1204,0,0,0.0
1205,0,0,0.0
1206,0,0,0.09149130832570906
1207,1,0,0.0
1208,0,1,0.7068403908794788
1209,1,0,0.09149130832570906
1210,0,0,0.07074235807860262
1211,0,0,0.0
1212,0,0,0.07074235807860262
1213,0,0,0.0
1214,0,1,0.5723076923076923
1215,1,0,0.0
1216,0,0,0.0
1217,0,0,0.0
1218,0,0,0.013669821240799159
1219,0,0,0.0
1220,0,0,0.0
1221,0,0,0.0
1222,0,1,0.7068403908794788
1223,0,0,0.07074235807860262
1224,0,0,0.0
1225,0,0,0.013669821240799159
1226,1,0,0.3424479166666667
1227,0,0,0.0
1228,0,0,0.0
1229,1,0,0.013669821240799159
1230,0,0,0.0
1231,0,0,0.0
1232,0,1,0.532258064516129
1233,1,0,0.0
1234,0,0,0.3424479166666667
1235,0,0,0.013669821240799159
1236,0,0,0.09149130832570906
1237,0,1,0.7068403908794788
1238,0,0,0.07074235807860262
1239,1,1,0.9184549356223176
1240,0,0,0.07074235807860262
1241,0,0,0.09149130832570906
1242,0,0,0.0
1243,0,0,0.0
1244,0,0,0.0
1245,0,0,0.07074235807860262
1246,0,0,0.0
1247,1,0,0.013669821240799159
1248,0,1,0.7068403908794788
1249,0,1,0.5723076923076923
1250,0,0,0.3424479166666667
1251,0,0,0.09149130832570906
1252,0,0,0.09149130832570906
1253,0,0,0.0
1254,0,0,0.013669821240799159
1255,0,0,0.013669821240799159
1256,0,0,0.07074235807860262
1257,0,0,0.14634146341463414
1258,0,0,0.0
1259,0,0,0.013669821240799159
1260,0,0,0.007575757575757576
1261,0,0,0.0
1262,1,0,0.013669821240799159
1263,1,0,0.07074235807860262
1264,0,0,0.0
1265,0,0,0.013669821240799159
1266,0,1,0.9184549356223176
1267,0,0,0.3424479166666667
1268,0,0,0.3424479166666667
1269,0,1,0.819672131147541
1270,0,0,0.0
1271,0,1,0.5723076923076923
1272,1,0,0.0
1273,0,0,0.09149130832570906
1274,0,0,0.0
1275,0,0,0.0
1276,0,1,0.819672131147541
1277,0,1,0.9184549356223176
1278,1,1,0.819672131147541
1279,0,0,0.09149130832570906
1280,0,0,0.013669821240799159
1281,0,0,0.0
1282,0,1,0.819672131147541
1283,1,0,0.0
1284,0,0,0.013669821240799159
1285,1,0,0.0
1286,0,1,0.7068403908794788
1287,0,0,0.0
1288,1,0,0.3424479166666667
1289,0,0,0.07074235807860262
1290,0,0,0.013669821240799159
1291,0,0,0.013669821240799159
1292,0,0,0.0
1293,1,0,0.3424479166666667
1294,0,0,0.0
1295,1,0,0.0
1296,0,0,0.0
1297,0,0,0.07074235807860262
1298,0,0,0.09149130832570906
1299,0,0,0.07074235807860262
1300,0,0,0.0
1301,1,0,0.013669821240799159
1302,0,0,0.09149130832570906
1303,0,0,0.3424479166666667
1304,0,0,0.0
1305,1,0,0.07074235807860262
1306,0,0,0.3424479166666667
1307,0,0,0.0
1308,0,0,0.0
1309,0,0,0.0
1310,0,0,0.0
1311,0,0,0.0
1312,0,0,0.09149130832570906
1313,0,0,0.0
1314,0,1,0.7068403908794788
1315,0,0,0.013669821240799159
1316,0,0,0.3424479166666667
1317,0,0,0.013669821240799159
1318,0,0,0.013669821240799159
1319,0,0,0.3424479166666667
1320,0,0,0.09149130832570906
1321,0,0,0.09149130832570906
1322,0,0,0.07074235807860262
1323,1,0,0.07074235807860262
1324,0,1,0.5723076923076923
1325,0,0,0.0
1326,0,0,0.07074235807860262
1327,1,0,0.07074235807860262
1328,0,0,0.07074235807860262
1329,0,0,0.0
1330,0,0,0.0
1331,0,0,0.013669821240799159
1332,0,0,0.3424479166666667
1333,0,0,0.0
1334,0,1,0.7068403908794788
1335,1,0,0.013669821240799159
1336,0,0,0.3424479166666667
1337,0,0,0.09149130832570906
1338,0,0,0.0
1339,1,0,0.0
1340,0,0,0.09149130832570906
1341,0,0,0.0
1342,1,0,0.0
1343,0,0,0.14634146341463414
1344,0,0,0.0
1345,0,0,0.0
1346,1,0,0.0
1347,1,0,0.0
1348,0,0,0.0
1349,0,0,0.0
1350,0,0,0.09149130832570906
1351,0,0,0.0
1352,0,0,0.013669821240799159
1353,0,0,0.09149130832570906
1354,0,0,0.07074235807860262
1355,0,0,0.013669821240799159
1356,1,1,0.5723076923076923
1357,0,0,0.0
1358,1,0,0.09149130832570906
1359,0,0,0.0
1360,0,0,0.0
1361,1,0,0.0
1362,1,0,0.0
1363,1,0,0.013669821240799159
1364,0,0,0.013669821240799159
1365,0,0,0.09149130832570906
1366,1,1,0.532258064516129
1367,0,0,0.0
1368,0,0,0.09149130832570906
1369,0,0,0.0
1370,0,0,0.09149130832570906
1371,0,0,0.07074235807860262
1372,0,0,0.0
1373,0,1,0.5723076923076923
1374,0,1,0.819672131147541
1375,0,0,0.07074235807860262
1376,1,0,0.0
1377,0,0,0.09149130832570906
1378,0,0,0.0
1379,0,0,0.2639593908629442
1380,0,0,0.14634146341463414
1381,0,1,0.819672131147541
1382,0,0,0.0
1383,0,0,0.013669821240799159
1384,0,0,0.0
1385,0,0,0.0
1386,0,0,0.0
1387,0,0,0.09149130832570906
1388,0,0,0.0
1389,0,0,0.3424479166666667
1390,0,0,0.0
1391,0,0,0.0
1392,0,1,0.696969696969697
1393,0,0,0.0
1394,0,0,0.07074235807860262
1395,1,0,0.0
1396,0,0,0.09149130832570906
1397,1,0,0.3424479166666667
1398,0,1,0.7068403908794788
1399,0,0,0.09149130832570906
1400,0,0,0.3424479166666667
1401,0,1,0.7068403908794788
1402,0,0,0.07074235807860262
1403,1,1,0.9184549356223176
1404,0,0,0.09149130832570906
1405,0,0,0.09149130832570906
1406,0,0,0.3424479166666667
1407,0,0,0.3424479166666667
1408,0,0,0.3424479166666667
1409,0,0,0.0
1410,1,0,0.0
1411,0,0,0.07074235807860262
1412,1,0,0.09149130832570906
1413,0,0,0.0
1414,0,1,0.7068403908794788
1415,0,0,0.013669821240799159
1416,1,0,0.07074235807860262
1417,0,0,0.0
1418,0,0,0.013669821240799159
1419,0,0,0.013669821240799159
1420,0,0,0.07074235807860262
1421,0,0,0.013669821240799159
1422,0,0,0.0
1423,0,0,0.3424479166666667
1424,0,1,0.5723076923076923
1425,0,0,0.09149130832570906
1426,0,0,0.0
1427,0,0,0.09149130832570906
1428,0,0,0.14634146341463414
1429,0,1,0.7068403908794788
1430,0,0,0.09149130832570906
1431,0,0,0.0
1432,0,0,0.0
1433,1,0,0.0
1434,0,0,0.0
1435,0,0,0.2639593908629442
1436,0,0,0.09149130832570906
1437,0,0,0.07074235807860262
1438,0,0,0.09149130832570906
1439,0,0,0.0
1440,0,0,0.09149130832570906
1441,0,1,0.532258064516129
1442,1,0,0.2639593908629442
1443,0,0,0.013669821240799159
1444,0,0,0.09149130832570906
1445,0,0,0.0
1446,0,0,0.0
1447,1,0,0.0
1448,0,0,0.0
1449,0,0,0.013669821240799159
1450,0,0,0.013669821240799159
1451,1,0,0.0
1452,0,0,0.07074235807860262
1453,1,0,0.0
1454,0,0,0.09149130832570906
1455,0,0,0.07074235807860262
1456,0,0,0.0
1457,0,0,0.013669821240799159
1458,0,0,0.09149130832570906
1459,0,0,0.07074235807860262
1460,1,0,0.0
1461,0,1,0.532258064516129
1462,1,0,0.09149130832570906
1463,0,0,0.0
1464,0,0,0.0
1465,0,0,0.07074235807860262
1466,0,0,0.0
1467,1,0,0.3424479166666667
1468,0,0,0.0
1469,0,1,0.7068403908794788
1470,0,0,0.0
1471,0,0,0.0
1472,0,0,0.0
1473,0,0,0.0
1474,0,0,0.09149130832570906
1475,0,0,0.013669821240799159
1476,0,0,0.07074235807860262
1477,0,0,0.013669821240799159
1478,0,0,0.3424479166666667
1479,0,0,0.09149130832570906
1480,0,1,0.5723076923076923
1481,0,0,0.09149130832570906
1482,0,0,0.0
1483,0,0,0.0
1484,1,0,0.0
1485,0,0,0.3424479166666667
1486,0,0,0.0
1487,0,0,0.3424479166666667
1488,0,0,0.0
1489,1,0,0.0
1490,0,0,0.14634146341463414
1491,1,0,0.0
1492,0,0,0.07074235807860262
1493,0,0,0.0
1494,0,1,0.9184549356223176
1495,0,0,0.0
1496,1,0,0.0
1497,0,0,0.0
1498,0,0,0.013669821240799159
1499,0,0,0.3424479166666667
1500,0,0,0.013669821240799159
1501,0,0,0.07074235807860262
1502,0,0,0.09149130832570906
1503,0,0,0.07074235807860262
1504,0,1,0.9184549356223176
1505,0,0,0.07074235807860262
1506,0,0,0.0
1507,1,0,0.0
1508,0,0,0.0
1509,0,0,0.07074235807860262
1510,1,0,0.0
1511,0,0,0.0
1512,0,0,0.0
1513,1,0,0.013669821240799159
1514,0,0,0.07074235807860262
1515,0,0,0.013669821240799159
1516,0,0,0.07074235807860262
1517,0,0,0.0
1518,0,1,0.9184549356223176
1519,0,0,0.0
1520,0,0,0.09149130832570906
1521,0,0,0.07074235807860262
1522,1,0,0.0
1523,0,1,0.9184549356223176
1524,1,0,0.09149130832570906
1525,1,0,0.3424479166666667
1526,0,1,0.532258064516129
1527,0,1,0.5723076923076923
1528,0,0,0.3424479166666667
1529,0,0,0.0
1530,0,0,0.3424479166666667
1531,0,0,0.09149130832570906
1532,1,0,0.0
1533,0,0,0.3424479166666667
1534,0,1,0.9184549356223176
1535,0,0,0.3424479166666667
1536,0,0,0.0
1537,0,0,0.14634146341463414
1538,0,0,0.0
1539,0,0,0.0
1540,0,0,0.07074235807860262
1541,0,0,0.0
1542,0,0,0.07074235807860262
1543,0,0,0.09149130832570906
1544,0,0,0.07074235807860262
1545,0,1,0.7068403908794788
1546,0,0,0.0
1547,1,1,0.5723076923076923
1548,0,0,0.0
1549,0,0,0.013669821240799159
1550,1,1,0.5723076923076923
1551,0,1,0.5723076923076923
1552,0,0,0.3424479166666667
1553,0,0,0.0
1554,0,1,0.532258064516129
1555,0,0,0.3424479166666667
1556,0,0,0.0
1557,0,0,0.013669821240799159
1558,0,0,0.0
1559,0,0,0.013669821240799159
1560,0,0,0.3424479166666667
1561,0,0,0.013669821240799159
1562,0,0,0.09149130832570906
1563,1,0,0.09149130832570906
1564,0,0,0.0
1565,0,1,0.9184549356223176
1566,0,1,0.9184549356223176
1567,0,0,0.013669821240799159
1568,0,0,0.0
1569,0,0,0.0
1570,0,0,0.09149130832570906
1571,1,0,0.07074235807860262
1572,0,1,0.532258064516129
1573,0,0,0.013669821240799159
1574,0,0,0.0
1575,0,0,0.09149130832570906
1576,0,0,0.013669821240799159
1577,0,0,0.013669821240799159
1578,0,1,0.7068403908794788
1579,1,0,0.07074235807860262
1580,0,0,0.013669821240799159
1581,0,1,0.819672131147541
1582,0,0,0.2639593908629442
1583,0,1,0.819672131147541
1584,0,0,0.0
1585,0,0,0.0
1586,0,1,0.5723076923076923
1587,0,0,0.07074235807860262
1588,0,0,0.3424479166666667
1589,0,0,0.0
1590,0,0,0.14634146341463414
1591,0,0,0.09149130832570906
1592,0,0,0.013669821240799159
1593,0,0,0.07074235807860262
1594,0,0,0.3424479166666667
1595,0,0,0.07074235807860262
1596,0,0,0.0
1597,0,0,0.0
1598,0,0,0.013669821240799159
1599,0,0,0.09149130832570906
1600,0,0,0.3424479166666667
1601,0,0,0.013669821240799159
1602,1,1,0.9184549356223176
1603,0,0,0.0
1604,0,0,0.07074235807860262
1605,0,0,0.0
1606,1,0,0.09149130832570906
1607,0,0,0.07074235807860262
1608,0,1,0.5723076923076923
1609,0,0,0.0
1610,0,0,0.07074235807860262
1611,1,0,0.0
1612,0,0,0.013669821240799159
1613,0,0,0.09149130832570906
1614,0,1,0.7068403908794788
1615,0,0,0.09149130832570906
1616,1,0,0.07074235807860262
1617,0,0,0.07074235807860262
1618,0,0,0.2639593908629442
1619,0,0,0.0
1620,0,0,0.0
1621,1,0,0.0
1622,0,0,0.0
1623,0,0,0.09149130832570906
1624,0,0,0.0
1625,0,0,0.07074235807860262
1626,0,0,0.0
1627,0,0,0.0
1628,0,1,0.532258064516129
1629,0,0,0.0
1630,0,0,0.09149130832570906
1631,0,0,0.013669821240799159
1632,0,0,0.0
1633,0,0,0.07074235807860262
1634,0,0,0.0
1635,0,0,0.013669821240799159
1636,0,0,0.3424479166666667
1637,0,0,0.0
1638,0,1,0.7068403908794788
1639,0,0,0.07074235807860262
1640,0,0,0.09149130832570906
1641,0,0,0.013669821240799159
1642,0,0,0.0
1643,0,1,0.5723076923076923
1644,0,0,0.07074235807860262
1645,0,0,0.2639593908629442
1646,0,0,0.3424479166666667
1647,0,0,0.3424479166666667
1648,0,0,0.0
1649,0,0,0.07074235807860262
1650,0,0,0.09149130832570906
1651,0,0,0.07074235807860262
1652,0,0,0.0
1653,0,0,0.007575757575757576
1654,0,0,0.07074235807860262
1655,1,1,0.7068403908794788
1656,0,0,0.09149130832570906
1657,0,0,0.0
1658,0,0,0.07074235807860262
1659,0,0,0.09149130832570906
1660,0,0,0.0
1661,0,1,0.5723076923076923
1662,1,0,0.07074235807860262
1663,0,0,0.0
1664,0,0,0.0
1665,1,0,0.0
1666,1,0,0.013669821240799159
1667,0,0,0.0
1668,1,1,0.7068403908794788
1669,0,0,0.0
1670,0,1,0.7068403908794788
1671,0,0,0.07074235807860262
1672,0,0,0.0
1673,1,0,0.013669821240799159
1674,0,0,0.3424479166666667
1675,0,0,0.09149130832570906
1676,0,0,0.0
1677,0,0,0.007575757575757576
1678,0,0,0.0
1679,0,0,0.09149130832570906
1680,0,0,0.2639593908629442
1681,0,0,0.0
1682,0,0,0.07074235807860262
1683,1,0,0.013669821240799159
1684,0,0,0.0
1685,1,0,0.0
1686,0,0,0.0
1687,0,0,0.0
1688,0,0,0.09149130832570906
1689,0,0,0.0
1690,0,0,0.0
1691,0,0,0.07074235807860262
1692,0,0,0.0
1693,1,0,0.07074235807860262
1694,0,1,0.819672131147541
1695,0,1,0.9184549356223176
1696,0,0,0.0
1697,0,0,0.013669821240799159
1698,0,0,0.3424479166666667
1699,0,0,0.013669821240799159
1700,0,0,0.0
1701,0,0,0.013669821240799159
1702,0,0,0.0
1703,0,0,0.07074235807860262
1704,0,1,0.5723076923076923
1705,0,0,0.013669821240799159
1706,0,0,0.0
1707,0,0,0.09149130832570906
1708,0,0,0.0
1709,1,0,0.3424479166666667
1710,1,0,0.013669821240799159
1711,0,0,0.0
1712,0,0,0.09149130832570906
1713,1,0,0.013669821240799159
1714,0,0,0.07074235807860262
1715,0,0,0.0
1716,0,0,0.0
1717,1,0,0.013669821240799159
1718,0,0,0.09149130832570906
1719,0,0,0.09149130832570906
1720,0,0,0.3424479166666667
1721,0,0,0.3424479166666667
1722,0,0,0.0
1723,1,0,0.09149130832570906
1724,0,0,0.013669821240799159
1725,0,0,0.0
1726,0,0,0.0
1727,0,0,0.3424479166666667
1728,0,0,0.07074235807860262
1729,0,0,0.0
1730,0,1,0.9184549356223176
1731,0,0,0.07074235807860262
1732,1,1,0.9184549356223176
1733,1,0,0.07074235807860262
1734,0,0,0.0
1735,0,0,0.013669821240799159
1736,0,0,0.013669821240799159
1737,0,0,0.0
1738,0,0,0.09149130832570906
1739,0,0,0.013669821240799159
1740,0,0,0.14634146341463414
1741,0,0,0.0
1742,0,1,0.7068403908794788
1743,0,0,0.013669821240799159
1744,0,0,0.3424479166666667
1745,1,0,0.0
1746,0,0,0.0
1747,0,0,0.07074235807860262
1748,1,0,0.0
1749,0,0,0.3424479166666667
1750,1,0,0.09149130832570906
1751,0,0,0.3424479166666667
1752,1,0,0.2639593908629442
1753,0,0,0.3424479166666667
1754,0,0,0.3424479166666667
1755,0,0,0.0
1756,1,0,0.0
1757,0,0,0.09149130832570906
1758,0,0,0.09149130832570906
1759,1,0,0.07074235807860262
1760,0,0,0.0
1761,0,0,0.013669821240799159
1762,0,0,0.0
1763,0,0,0.0
1764,1,0,0.07074235807860262
1765,0,0,0.013669821240799159
1766,0,0,0.09149130832570906
1767,0,0,0.0
1768,0,0,0.07074235807860262
1769,1,0,0.09149130832570906
1770,0,0,0.07074235807860262
1771,0,0,0.013669821240799159
1772,0,1,0.5723076923076923
1773,0,0,0.0
1774,0,1,0.9184549356223176
1775,0,0,0.3424479166666667
1776,1,0,0.2639593908629442
1777,0,0,0.09149130832570906
1778,0,0,0.0
1779,0,0,0.013669821240799159
1780,1,0,0.0
1781,0,0,0.0
1782,0,0,0.0
1783,0,0,0.0
1784,1,0,0.0
1785,0,0,0.07074235807860262
1786,1,0,0.09149130832570906
1787,0,0,0.09149130832570906
1788,0,0,0.2639593908629442
1789,0,0,0.0
1790,1,1,0.7068403908794788
1791,0,1,0.532258064516129
1792,0,0,0.0
1793,0,0,0.0
1794,1,0,0.07074235807860262
1795,0,0,0.07074235807860262
1796,0,1,0.7068403908794788
1797,0,1,0.5723076923076923
1798,0,0,0.09149130832570906
1799,0,0,0.0
1800,0,0,0.07074235807860262
1801,0,0,0.0
1802,0,0,0.0
1803,1,0,0.09149130832570906
1804,0,0,0.14634146341463414
1805,0,0,0.0
1806,0,1,0.9184549356223176
1807,1,1,0.9184549356223176
1808,0,0,0.07074235807860262
1809,0,0,0.0
1810,0,0,0.0
1811,0,0,0.0
1812,0,0,0.013669821240799159
1813,0,0,0.0
1814,0,0,0.09149130832570906
1815,0,0,0.013669821240799159
1816,1,0,0.0
1817,0,0,0.14634146341463414
1818,0,0,0.013669821240799159
1819,0,0,0.07074235807860262
1820,0,0,0.0
1821,0,0,0.0
1822,0,0,0.013669821240799159
1823,0,0,0.013669821240799159
1824,0,0,0.0
1825,0,0,0.07074235807860262
1826,0,1,0.5723076923076923
1827,0,0,0.09149130832570906
1828,0,0,0.07074235807860262
1829,1,0,0.09149130832570906
1830,0,0,0.07074235807860262
1831,0,0,0.0
1832,0,1,0.5723076923076923
1833,0,0,0.2639593908629442
1834,1,0,0.0
1835,0,0,0.0
1836,0,0,0.0
1837,1,0,0.09149130832570906
1838,0,0,0.07074235807860262
1839,0,0,0.0
1840,0,0,0.09149130832570906
1841,0,1,0.7068403908794788
1842,0,0,0.09149130832570906
1843,0,0,0.3424479166666667
1844,0,0,0.0
1845,0,0,0.0
1846,0,0,0.07074235807860262
1847,1,0,0.0
1848,0,0,0.0
1849,0,0,0.3424479166666667
1850,0,0,0.0
1851,1,0,0.0
1852,0,0,0.09149130832570906
1853,0,0,0.0
1854,1,0,0.0
1855,0,0,0.007575757575757576
1856,0,0,0.3424479166666667
1857,0,0,0.013669821240799159
1858,0,0,0.0
1859,0,0,0.0
1860,0,0,0.0
1861,0,1,0.819672131147541
1862,0,0,0.0
1863,0,0,0.07074235807860262
1864,0,0,0.2639593908629442
1865,0,0,0.07074235807860262
1866,0,0,0.013669821240799159
1867,0,0,0.013669821240799159
1868,0,0,0.0
1869,0,0,0.0
1870,0,0,0.0
1871,0,0,0.3424479166666667
1872,0,0,0.09149130832570906
1873,0,0,0.09149130832570906
1874,0,0,0.0
1875,0,0,0.07074235807860262
1876,0,0,0.0
1877,1,0,0.09149130832570906
1878,0,0,0.07074235807860262
1879,0,0,0.013669821240799159
1880,1,0,0.013669821240799159
1881,0,0,0.0
1882,0,0,0.0
1883,0,0,0.2639593908629442
1884,0,0,0.3424479166666667
1885,0,0,0.0
1886,0,0,0.07074235807860262
1887,0,0,0.0
1888,1,0,0.0
1889,0,0,0.0
1890,0,0,0.0
1891,1,1,0.7068403908794788
1892,1,0,0.0
1893,0,0,0.14634146341463414
1894,1,0,0.0
1895,0,0,0.09149130832570906
1896,0,0,0.07074235807860262
1897,0,0,0.07074235807860262
1898,0,0,0.0
1899,0,0,0.013669821240799159
1900,0,0,0.09149130832570906
1901,0,0,0.013669821240799159
1902,1,0,0.07074235807860262
1903,0,0,0.0
1904,0,0,0.0
1905,0,0,0.07074235807860262
1906,0,0,0.0
1907,0,0,0.0
1908,0,0,0.0
1909,0,0,0.0
1910,0,0,0.0
1911,0,0,0.14634146341463414
1912,1,1,0.5723076923076923
1913,0,0,0.3424479166666667
1914,0,0,0.09149130832570906
1915,0,0,0.0
1916,0,0,0.3424479166666667
1917,0,0,0.09149130832570906
1918,1,0,0.0
1919,0,0,0.07074235807860262
1920,0,0,0.07074235807860262
1921,1,0,0.09149130832570906
1922,1,1,0.7068403908794788
1923,0,0,0.013669821240799159
1924,1,0,0.0
1925,0,0,0.0
1926,0,0,0.0
1927,0,0,0.09149130832570906
1928,0,1,0.696969696969697
1929,0,0,0.0
1930,0,0,0.09149130832570906
1931,0,0,0.0
1932,0,0,0.07074235807860262
1933,0,1,0.9184549356223176
1934,0,0,0.0
1935,1,0,0.0
1936,0,0,0.09149130832570906
1937,0,1,0.7068403908794788
1938,0,0,0.0
1939,0,0,0.09149130832570906
1940,0,0,0.07074235807860262
1941,0,0,0.0
1942,0,0,0.0
1943,0,0,0.0
1944,0,0,0.07074235807860262
1945,0,0,0.0
1946,0,1,0.7068403908794788
1947,0,1,0.9184549356223176
1948,1,0,0.07074235807860262
1949,0,1,0.7068403908794788
1950,0,0,0.0
1951,1,0,0.09149130832570906
1952,0,0,0.0
1953,1,0,0.007575757575757576
1954,0,0,0.0
1955,0,0,0.0
1956,1,1,0.5723076923076923
1957,0,0,0.013669821240799159
1958,0,0,0.09149130832570906
1959,0,0,0.0
1960,0,1,0.5723076923076923
1961,0,0,0.0
1962,0,0,0.09149130832570906
1963,0,0,0.0
1964,0,0,0.013669821240799159
1965,0,0,0.0
1966,0,1,0.7068403908794788
1967,1,0,0.07074235807860262
1968,0,1,0.7068403908794788
1969,0,0,0.0
1970,0,1,0.7068403908794788
1971,0,0,0.0
1972,0,1,0.7068403908794788
1973,0,0,0.0
1974,0,0,0.0
1975,0,0,0.07074235807860262
1976,0,0,0.0
1977,0,0,0.013669821240799159
1978,0,0,0.07074235807860262
1979,0,0,0.07074235807860262
1980,0,0,0.07074235807860262
1981,0,0,0.07074235807860262
1982,0,0,0.3424479166666667
1983,0,0,0.09149130832570906
1984,1,0,0.09149130832570906
1985,0,0,0.09149130832570906
1986,0,0,0.3424479166666667
1987,0,0,0.0
1988,0,1,0.9184549356223176
1989,0,0,0.0
1990,0,0,0.0
1991,0,0,0.07074235807860262
1992,0,0,0.0
1993,0,1,0.7068403908794788
1994,1,0,0.0
1995,0,0,0.013669821240799159
1996,0,0,0.3424479166666667
1997,0,0,0.0
1998,0,0,0.0
1999,0,0,0.013669821240799159
2000,1,0,0.0
2001,0,0,0.14634146341463414
2002,0,0,0.007575757575757576
2003,0,0,0.013669821240799159
2004,0,0,0.0
2005,1,0,0.0
2006,0,0,0.013669821240799159
2007,0,0,0.09149130832570906
2008,0,0,0.0
2009,0,0,0.3424479166666667
2010,0,0,0.0
2011,1,0,0.2639593908629442
2012,0,0,0.07074235807860262
2013,1,1,0.532258064516129
2014,0,0,0.3424479166666667
2015,0,0,0.0
2016,0,1,0.532258064516129
2017,0,0,0.0
2018,0,1,0.5723076923076923
2019,0,0,0.07074235807860262
2020,0,0,0.07074235807860262
2021,0,0,0.3424479166666667
2022,0,0,0.3424479166666667
2023,1,0,0.3424479166666667
2024,0,0,0.0
2025,0,0,0.0
2026,0,0,0.07074235807860262
2027,0,0,0.09149130832570906
2028,0,0,0.09149130832570906
2029,0,0,0.3424479166666667
2030,0,0,0.0
2031,0,0,0.0
2032,0,0,0.14634146341463414
2033,0,0,0.3424479166666667
2034,0,0,0.09149130832570906
2035,0,0,0.007575757575757576
2036,0,0,0.0
2037,0,0,0.07074235807860262
2038,0,0,0.09149130832570906
2039,0,0,0.0
2040,1,0,0.3424479166666667
2041,1,0,0.0
2042,0,0,0.07074235807860262
2043,0,0,0.09149130832570906
2044,0,1,0.7068403908794788
2045,0,0,0.3424479166666667
2046,0,0,0.0
2047,0,0,0.3424479166666667
2048,1,0,0.0
2049,1,0,0.013669821240799159
2050,0,0,0.3424479166666667
2051,0,0,0.07074235807860262
2052,1,0,0.09149130832570906
2053,0,1,0.7068403908794788
2054,1,0,0.0
2055,1,1,0.9184549356223176
2056,0,0,0.0
2057,0,0,0.2639593908629442
2058,0,0,0.3424479166666667
2059,0,0,0.3424479166666667
2060,0,0,0.3424479166666667
2061,0,1,0.7068403908794788
2062,0,0,0.013669821240799159
2063,0,0,0.0
2064,0,0,0.09149130832570906
2065,0,0,0.07074235807860262
2066,0,1,0.5723076923076923
2067,0,0,0.2639593908629442
2068,0,0,0.3424479166666667
2069,0,0,0.0
2070,0,0,0.07074235807860262
2071,0,0,0.07074235807860262
2072,0,0,0.3424479166666667
2073,0,0,0.0
2074,0,0,0.3424479166666667
2075,0,0,0.09149130832570906
2076,0,0,0.0
2077,1,0,0.07074235807860262
2078,0,0,0.0
2079,0,0,0.0
2080,0,0,0.0
2081,0,0,0.0
2082,0,0,0.0
2083,0,0,0.0
2084,1,0,0.3424479166666667
2085,0,0,0.0
2086,0,0,0.0
2087,1,0,0.0
2088,1,0,0.013669821240799159
2089,0,0,0.0
2090,1,0,0.0
2091,0,0,0.0
2092,0,0,0.07074235807860262
2093,0,0,0.0
2094,0,0,0.0
2095,1,0,0.09149130832570906
2096,0,0,0.013669821240799159
2097,0,0,0.07074235807860262
2098,0,0,0.09149130832570906
2099,0,0,0.09149130832570906
2100,0,0,0.013669821240799159
2101,0,0,0.09149130832570906
2102,0,0,0.0
2103,0,0,0.07074235807860262
2104,1,0,0.007575757575757576
2105,0,1,0.532258064516129
2106,1,0,0.007575757575757576
2107,1,0,0.013669821240799159
2108,0,0,0.09149130832570906
2109,0,0,0.3424479166666667
2110,1,0,0.0
2111,0,0,0.013669821240799159
2112,1,0,0.07074235807860262
2113,0,0,0.3424479166666667
2114,0,1,0.5723076923076923
2115,0,0,0.0
2116,1,0,0.0
2117,0,0,0.3424479166666667
2118,0,0,0.0
2119,0,0,0.013669821240799159
2120,0,0,0.3424479166666667
2121,1,0,0.0
2122,0,0,0.0
2123,0,0,0.0
2124,0,0,0.0
2125,1,0,0.0
2126,1,0,0.0
2127,0,0,0.0
2128,0,0,0.0
2129,0,0,0.013669821240799159
2130,0,0,0.0
2131,0,0,0.013669821240799159
2132,0,0,0.013669821240799159
2133,0,0,0.0
2134,0,0,0.0
2135,0,0,0.09149130832570906
2136,0,0,0.3424479166666667
2137,0,0,0.14634146341463414
2138,0,0,0.0
2139,0,1,0.9184549356223176
2140,0,1,0.7068403908794788
2141,1,1,0.819672131147541
2142,0,0,0.09149130832570906
2143,0,1,0.7068403908794788
2144,0,0,0.3424479166666667
2145,0,0,0.07074235807860262
2146,0,1,0.9184549356223176
2147,0,0,0.0
2148,0,0,0.0
2149,1,0,0.09149130832570906
2150,0,1,0.532258064516129
2151,1,0,0.013669821240799159
2152,1,0,0.07074235807860262
2153,0,1,0.532258064516129
2154,0,0,0.0
2155,0,1,0.9184549356223176
2156,0,0,0.0
2157,0,0,0.07074235807860262
2158,0,0,0.3424479166666667
2159,0,1,0.819672131147541
2160,0,0,0.007575757575757576
2161,1,0,0.3424479166666667
2162,0,0,0.0
2163,0,1,0.9184549356223176
2164,0,1,0.5723076923076923
2165,1,0,0.07074235807860262
2166,0,0,0.3424479166666667
2167,0,0,0.013669821240799159
2168,0,0,0.07074235807860262
2169,1,0,0.007575757575757576
2170,0,1,0.7068403908794788
2171,0,0,0.0
2172,1,0,0.09149130832570906
2173,0,0,0.09149130832570906
2174,0,0,0.0
2175,0,0,0.07074235807860262
2176,0,1,0.5723076923076923
2177,0,1,0.532258064516129
2178,1,0,0.0
2179,0,0,0.0
2180,0,0,0.0
2181,1,0,0.07074235807860262
2182,0,0,0.07074235807860262
2183,0,0,0.09149130832570906
2184,0,0,0.0
2185,0,0,0.0
2186,0,0,0.0
2187,0,0,0.0
2188,0,0,0.07074235807860262
2189,0,0,0.0
2190,0,0,0.0
2191,0,1,0.5723076923076923
2192,0,0,0.09149130832570906
2193,1,0,0.013669821240799159
2194,0,0,0.013669821240799159
2195,0,0,0.013669821240799159
2196,0,0,0.09149130832570906
2197,0,0,0.0
2198,0,0,0.0
2199,0,0,0.0
2200,0,0,0.013669821240799159
2201,0,1,0.7068403908794788
2202,0,0,0.07074235807860262
2203,0,0,0.0
2204,1,0,0.09149130832570906
2205,0,0,0.013669821240799159
2206,0,0,0.2639593908629442
2207,0,0,0.0
2208,0,1,0.9184549356223176
2209,0,0,0.0
2210,0,1,0.532258064516129
2211,1,0,0.09149130832570906
2212,0,0,0.0
2213,0,0,0.013669821240799159
2214,0,1,0.9184549356223176
2215,0,0,0.07074235807860262
2216,0,0,0.0
2217,0,0,0.013669821240799159
2218,0,0,0.0
2219,0,0,0.013669821240799159
2220,0,0,0.07074235807860262
2221,0,0,0.07074235807860262
2222,0,1,0.7068403908794788
2223,1,0,0.09149130832570906
2224,0,0,0.0
2225,0,0,0.07074235807860262
2226,0,0,0.0
2227,0,0,0.0
2228,0,0,0.09149130832570906
2229,0,0,0.09149130832570906
2230,1,0,0.013669821240799159
2231,1,0,0.0
2232,0,0,0.013669821240799159
2233,0,0,0.3424479166666667
2234,0,0,0.09149130832570906
2235,0,1,0.532258064516129
2236,0,0,0.09149130832570906
2237,1,1,0.5723076923076923
2238,0,0,0.0
2239,0,1,0.7068403908794788
2240,0,0,0.0
2241,1,1,0.5723076923076923
2242,0,0,0.0
2243,1,0,0.007575757575757576
2244,0,0,0.013669821240799159
2245,0,0,0.0
2246,0,0,0.0
2247,0,0,0.0
2248,0,0,0.0
2249,0,1,0.9184549356223176
2250,1,0,0.16666666666666666
2251,0,0,0.09149130832570906
2252,0,0,0.2639593908629442
2253,0,0,0.0
2254,0,0,0.09149130832570906
2255,0,0,0.0
2256,0,1,0.5723076923076923
2257,0,0,0.0
2258,0,0,0.0
2259,0,0,0.07074235807860262
2260,0,0,0.0
2261,1,0,0.3424479166666667
2262,0,0,0.0
2263,0,0,0.0
2264,0,0,0.007575757575757576
2265,0,0,0.0
2266,0,0,0.013669821240799159
2267,1,0,0.09149130832570906
2268,0,0,0.0
2269,1,0,0.0
2270,0,0,0.09149130832570906
2271,0,0,0.0
2272,0,0,0.3424479166666667
2273,0,0,0.0
2274,1,0,0.09149130832570906
2275,0,0,0.3424479166666667
2276,0,0,0.0
2277,0,0,0.013669821240799159
2278,0,0,0.0
2279,0,0,0.0
2280,0,0,0.09149130832570906
2281,0,1,0.7068403908794788
2282,0,0,0.0
2283,1,0,0.07074235807860262
2284,0,0,0.09149130832570906
2285,0,0,0.0
2286,0,0,0.0
2287,0,0,0.0
2288,0,0,0.3424479166666667
2289,0,0,0.09149130832570906
2290,0,0,0.013669821240799159
2291,0,0,0.07074235807860262
2292,0,0,0.0
2293,0,0,0.3424479166666667
2294,1,0,0.0
2295,1,0,0.2639593908629442
2296,0,1,0.819672131147541
2297,0,0,0.0
2298,0,0,0.14634146341463414
2299,0,0,0.2639593908629442
2300,0,0,0.0
2301,1,0,0.0
2302,0,1,0.9184549356223176
2303,0,1,0.7068403908794788
2304,0,0,0.2639593908629442
2305,0,0,0.013669821240799159
2306,0,0,0.0
2307,0,1,0.5723076923076923
2308,0,0,0.0
2309,1,1,0.5723076923076923
2310,0,0,0.007575757575757576
2311,1,0,0.0
2312,1,0,0.0
2313,0,0,0.0
2314,0,0,0.07074235807860262
2315,0,0,0.07074235807860262
2316,0,1,0.532258064516129
2317,1,0,0.07074235807860262
2318,0,1,0.7068403908794788
2319,0,1,0.532258064516129
2320,0,0,0.0
2321,0,0,0.07074235807860262
2322,0,0,0.013669821240799159
2323,0,1,0.7068403908794788
2324,0,0,0.07074235807860262
2325,0,1,0.819672131147541
2326,0,0,0.0
2327,1,0,0.0
2328,0,0,0.0
2329,0,0,0.0
2330,0,0,0.09149130832570906
2331,0,0,0.0
2332,0,1,0.9184549356223176
2333,0,0,0.07074235807860262
2334,0,0,0.0
2335,0,1,0.5723076923076923
2336,1,0,0.3424479166666667
2337,0,1,0.9184549356223176
2338,0,0,0.3424479166666667
2339,0,0,0.0
2340,0,0,0.07074235807860262
2341,0,1,0.5723076923076923
2342,0,0,0.0
2343,0,1,0.5723076923076923
2344,0,0,0.09149130832570906
2345,0,0,0.013669821240799159
2346,0,0,0.07074235807860262
2347,0,0,0.07074235807860262
2348,0,0,0.09149130832570906
2349,0,0,0.09149130832570906
2350,0,0,0.07074235807860262
2351,0,1,0.5723076923076923
2352,0,0,0.0
2353,0,0,0.09149130832570906
2354,0,0,0.07074235807860262
2355,0,0,0.0
2356,0,0,0.09149130832570906
2357,0,0,0.09149130832570906
2358,0,0,0.013669821240799159
2359,0,0,0.09149130832570906
2360,0,0,0.0
2361,0,0,0.09149130832570906
2362,0,0,0.09149130832570906
2363,0,0,0.0
2364,0,0,0.07074235807860262
2365,0,0,0.0
2366,0,0,0.0
2367,0,0,0.0
2368,0,0,0.09149130832570906
2369,0,0,0.013669821240799159
2370,0,0,0.09149130832570906
2371,0,1,0.7068403908794788
2372,0,0,0.3424479166666667
2373,0,0,0.0
2374,1,0,0.07074235807860262
2375,0,0,0.3424479166666667
2376,0,0,0.09149130832570906
2377,1,0,0.0
2378,0,0,0.3424479166666667
2379,0,0,0.0
2380,0,0,0.0
2381,0,0,0.09149130832570906
2382,0,1,0.5723076923076923
2383,0,1,0.9184549356223176
2384,0,0,0.0
2385,0,0,0.0
2386,0,0,0.0
2387,1,0,0.0
2388,0,0,0.07074235807860262
2389,0,0,0.09149130832570906
2390,0,0,0.013669821240799159
2391,0,1,0.5723076923076923
2392,0,0,0.0
2393,0,0,0.07074235807860262
2394,0,0,0.0
2395,0,1,0.819672131147541
2396,0,0,0.2639593908629442
2397,0,0,0.0
2398,0,0,0.09149130832570906
2399,0,0,0.3424479166666667
2400,0,0,0.0
2401,1,0,0.0
2402,0,0,0.09149130832570906
2403,0,0,0.09149130832570906
2404,0,0,0.0
2405,0,0,0.0
2406,0,0,0.0
2407,0,0,0.07074235807860262
2408,0,0,0.09149130832570906
2409,0,0,0.09149130832570906
2410,0,0,0.14634146341463414
2411,0,0,0.0
2412,1,0,0.09149130832570906
2413,1,0,0.0
2414,0,0,0.07074235807860262
2415,0,1,0.7068403908794788
2416,0,0,0.0
2417,0,0,0.2639593908629442
2418,0,0,0.0
2419,0,0,0.0
2420,0,0,0.09149130832570906
2421,0,0,0.013669821240799159
2422,0,0,0.007575757575757576
2423,0,0,0.07074235807860262
2424,0,1,0.819672131147541
2425,0,1,0.5723076923076923
2426,0,0,0.0
2427,0,1,0.9184549356223176
2428,0,0,0.09149130832570906
2429,0,0,0.07074235807860262
2430,0,0,0.0
2431,0,1,0.5723076923076923
2432,0,0,0.3424479166666667
2433,1,0,0.07074235807860262
2434,0,0,0.0
2435,0,0,0.013669821240799159
2436,0,0,0.0
2437,1,0,0.09149130832570906
2438,0,0,0.0
2439,0,0,0.09149130832570906
2440,0,0,0.3424479166666667
2441,0,0,0.0
2442,0,0,0.07074235807860262
2443,0,0,0.0
2444,0,0,0.013669821240799159
2445,0,1,0.5723076923076923
2446,0,1,0.5723076923076923
2447,1,0,0.09149130832570906
2448,0,0,0.013669821240799159
2449,0,0,0.0
2450,0,0,0.0
2451,0,0,0.07074235807860262
2452,0,0,0.0
2453,0,0,0.09149130832570906
2454,0,1,0.7068403908794788
2455,0,0,0.0
2456,0,0,0.013669821240799159
2457,0,0,0.09149130832570906
2458,0,0,0.013669821240799159
2459,0,0,0.0
2460,0,0,0.0
2461,0,0,0.07074235807860262
2462,0,0,0.0
2463,0,0,0.0
2464,1,1,0.9184549356223176
2465,0,0,0.0
2466,0,0,0.013669821240799159
2467,0,0,0.3424479166666667
2468,0,0,0.0
2469,0,0,0.09149130832570906
2470,1,0,0.0
2471,0,0,0.0
2472,0,0,0.013669821240799159
2473,0,0,0.3424479166666667
2474,0,0,0.07074235807860262
2475,0,0,0.0
2476,0,0,0.2639593908629442
2477,0,0,0.07074235807860262
2478,0,0,0.3424479166666667
2479,0,1,0.696969696969697
2480,0,0,0.09149130832570906
2481,0,0,0.0
2482,0,0,0.0
2483,0,0,0.0
2484,0,1,0.5723076923076923
2485,0,0,0.09149130832570906
2486,0,0,0.09149130832570906
2487,0,1,0.9184549356223176
2488,0,0,0.0
2489,0,0,0.0
2490,0,0,0.0
2491,0,0,0.3424479166666667
2492,0,0,0.09149130832570906
2493,1,0,0.013669821240799159
2494,0,0,0.013669821240799159
2495,0,0,0.07074235807860262
2496,0,0,0.0
2497,0,0,0.0
2498,0,0,0.0
2499,0,1,0.5723076923076923
2500,0,0,0.0
2501,0,0,0.013669821240799159
2502,0,0,0.09149130832570906
2503,0,0,0.07074235807860262
2504,0,0,0.013669821240799159
2505,0,0,0.013669821240799159
2506,0,0,0.013669821240799159
2507,0,0,0.3424479166666667
2508,0,0,0.09149130832570906
2509,1,0,0.0
2510,0,0,0.0
2511,0,0,0.0
2512,0,0,0.0
2513,0,0,0.09149130832570906
2514,0,0,0.0
2515,0,0,0.3424479166666667
2516,0,0,0.0
2517,0,0,0.09149130832570906
2518,0,0,0.0
2519,0,0,0.07074235807860262
2520,0,1,0.5723076923076923
2521,0,0,0.0
2522,0,0,0.007575757575757576
2523,0,0,0.07074235807860262
2524,0,0,0.3424479166666667
2525,0,0,0.0
2526,0,0,0.007575757575757576
2527,1,0,0.0
2528,0,0,0.2639593908629442
2529,0,0,0.013669821240799159
2530,1,0,0.07074235807860262
2531,0,0,0.0
2532,0,0,0.0
2533,0,0,0.0
2534,0,0,0.09149130832570906
2535,0,1,0.819672131147541
2536,0,1,0.532258064516129
2537,0,0,0.07074235807860262
2538,0,0,0.0
2539,0,0,0.3424479166666667
2540,0,0,0.14634146341463414
2541,0,0,0.09149130832570906
2542,0,1,0.5723076923076923
2543,0,0,0.07074235807860262
2544,0,0,0.0
2545,1,0,0.3424479166666667
2546,0,0,0.0
2547,0,0,0.07074235807860262
2548,0,0,0.0
2549,0,0,0.07074235807860262
2550,0,0,0.3424479166666667
2551,0,0,0.0
2552,0,1,0.9184549356223176
2553,1,0,0.0
2554,1,1,0.9184549356223176
2555,1,0,0.09149130832570906
2556,1,0,0.0
2557,0,0,0.0
2558,0,0,0.0
2559,0,0,0.013669821240799159
2560,0,1,0.9184549356223176
2561,0,0,0.0
2562,0,0,0.09149130832570906
2563,1,0,0.0
2564,1,0,0.07074235807860262
2565,0,0,0.013669821240799159
2566,0,0,0.0
2567,0,0,0.0
2568,0,1,0.5723076923076923
2569,0,0,0.0
2570,0,1,0.7068403908794788
2571,0,0,0.3424479166666667
2572,0,1,0.7068403908794788
2573,0,0,0.07074235807860262
2574,0,0,0.09149130832570906
2575,0,0,0.09149130832570906
2576,0,0,0.09149130832570906
2577,0,0,0.09149130832570906
2578,0,0,0.07074235807860262
2579,0,0,0.007575757575757576
2580,0,0,0.013669821240799159
2581,0,0,0.0
2582,0,0,0.0
2583,1,1,0.9184549356223176
2584,0,0,0.09149130832570906
2585,0,0,0.0
2586,1,0,0.09149130832570906
2587,1,0,0.0
2588,0,0,0.14634146341463414
2589,1,0,0.0
2590,0,0,0.07074235807860262
2591,0,0,0.3424479166666667
2592,0,0,0.0
2593,0,0,0.0
2594,0,0,0.0
2595,0,1,0.7068403908794788
2596,1,0,0.013669821240799159
2597,0,0,0.0
2598,0,0,0.013669821240799159
2599,0,0,0.013669821240799159
2600,0,0,0.09149130832570906
2601,0,0,0.07074235807860262
2602,0,1,0.532258064516129
2603,1,0,0.0
2604,0,0,0.007575757575757576
2605,1,0,0.0
2606,0,0,0.013669821240799159
2607,0,0,0.0
2608,0,1,0.532258064516129
2609,0,0,0.07074235807860262
2610,0,0,0.013669821240799159
2611,0,1,0.7068403908794788
2612,1,0,0.3424479166666667
2613,0,0,0.0
2614,0,0,0.0
2615,0,0,0.013669821240799159
2616,0,0,0.0
2617,1,0,0.07074235807860262
2618,0,1,0.7068403908794788
2619,0,0,0.0
2620,0,0,0.09149130832570906
2621,0,0,0.3424479166666667
2622,1,0,0.013669821240799159
2623,0,0,0.013669821240799159
2624,0,0,0.0
2625,0,0,0.07074235807860262
2626,0,1,0.5723076923076923
2627,0,1,0.5723076923076923
2628,0,0,0.0
2629,1,0,0.07074235807860262
2630,0,0,0.013669821240799159
2631,0,0,0.07074235807860262
2632,0,0,0.0
2633,0,0,0.0
2634,1,0,0.013669821240799159
2635,0,0,0.07074235807860262
2636,0,0,0.0
2637,0,0,0.0
2638,0,0,0.013669821240799159
2639,0,0,0.09149130832570906
2640,0,0,0.3424479166666667
2641,1,1,0.7068403908794788
2642,1,0,0.0
2643,1,0,0.07074235807860262
2644,0,1,0.5723076923076923
2645,0,0,0.013669821240799159
2646,0,0,0.013669821240799159
2647,0,0,0.013669821240799159
2648,0,0,0.09149130832570906
2649,0,0,0.0
2650,0,0,0.0
2651,0,1,0.7068403908794788
2652,0,1,0.7068403908794788
2653,0,0,0.0
2654,0,0,0.0
2655,0,1,0.5723076923076923
2656,0,0,0.0
2657,1,1,0.7068403908794788
2658,0,0,0.0
2659,0,0,0.07074235807860262
2660,0,0,0.0
2661,1,0,0.09149130832570906
2662,0,0,0.013669821240799159
2663,0,0,0.07074235807860262
2664,0,0,0.0
2665,1,0,0.09149130832570906
2666,1,0,0.3424479166666667
2667,0,0,0.0
2668,1,0,0.0
2669,1,0,0.09149130832570906
2670,0,0,0.09149130832570906
2671,0,0,0.0
2672,0,1,0.819672131147541
2673,0,0,0.07074235807860262
2674,0,0,0.07074235807860262
2675,0,0,0.09149130832570906
2676,0,0,0.09149130832570906
2677,1,0,0.0
2678,0,1,0.696969696969697
2679,0,0,0.013669821240799159
2680,0,1,0.532258064516129
2681,0,1,0.5723076923076923
2682,0,0,0.0
2683,0,0,0.013669821240799159
2684,0,0,0.07074235807860262
2685,0,0,0.0
2686,0,0,0.0
2687,0,0,0.09149130832570906
2688,0,0,0.0
2689,0,0,0.0
2690,0,0,0.013669821240799159
2691,0,0,0.0
2692,0,0,0.07074235807860262
2693,0,0,0.09149130832570906
2694,0,0,0.0
2695,0,0,0.09149130832570906
2696,0,0,0.3424479166666667
2697,0,0,0.0
2698,0,0,0.007575757575757576
2699,0,0,0.09149130832570906
2700,0,0,0.0
2701,0,0,0.0
2702,0,0,0.14634146341463414
2703,1,0,0.3424479166666667
2704,0,0,0.0
2705,0,0,0.09149130832570906
2706,0,0,0.013669821240799159
2707,1,0,0.07074235807860262
2708,0,1,0.532258064516129
2709,0,0,0.0
2710,0,0,0.0
2711,0,0,0.0
2712,1,0,0.2639593908629442
2713,0,0,0.16666666666666666
2714,0,0,0.0
2715,0,0,0.0
2716,1,0,0.0
2717,0,0,0.0
2718,0,0,0.07074235807860262
2719,0,0,0.0
2720,0,0,0.07074235807860262
2721,0,0,0.0
2722,0,0,0.07074235807860262
2723,0,1,0.7068403908794788
2724,0,0,0.0
2725,0,0,0.0
2726,0,0,0.07074235807860262
2727,0,0,0.013669821240799159
2728,1,0,0.07074235807860262
2729,0,0,0.3424479166666667
2730,1,0,0.0
2731,0,1,0.5723076923076923
2732,1,0,0.09149130832570906
2733,0,0,0.0
2734,0,0,0.0
2735,0,0,0.0
2736,0,0,0.013669821240799159
2737,0,0,0.0
2738,0,0,0.0
2739,0,0,0.14634146341463414
2740,0,0,0.0
2741,0,0,0.07074235807860262
2742,1,0,0.013669821240799159
2743,0,0,0.07074235807860262
2744,0,0,0.0
2745,0,0,0.0
2746,0,1,0.9184549356223176
2747,0,0,0.3424479166666667
2748,1,0,0.07074235807860262
2749,0,0,0.3424479166666667
2750,0,0,0.09149130832570906
2751,1,0,0.2639593908629442
2752,0,0,0.07074235807860262
2753,0,0,0.07074235807860262
2754,1,0,0.09149130832570906
2755,1,0,0.0
2756,0,0,0.0
2757,1,0,0.09149130832570906
2758,0,0,0.07074235807860262
2759,0,1,0.532258064516129
2760,0,1,0.5723076923076923
2761,0,0,0.0
2762,0,0,0.0
2763,0,1,0.9184549356223176
2764,0,0,0.0
2765,0,0,0.0
2766,0,0,0.07074235807860262
2767,0,0,0.0
2768,0,0,0.007575757575757576
2769,0,1,0.819672131147541
2770,0,0,0.0
2771,0,0,0.0
2772,0,0,0.0
2773,0,0,0.0
2774,0,0,0.3424479166666667
2775,1,0,0.09149130832570906
2776,0,0,0.0
2777,1,0,0.09149130832570906
2778,0,0,0.2639593908629442
2779,1,0,0.14634146341463414
2780,0,0,0.09149130832570906
2781,0,0,0.013669821240799159
2782,0,0,0.2639593908629442
2783,0,1,0.5723076923076923
2784,0,0,0.3424479166666667
2785,0,0,0.0
2786,0,0,0.0
2787,0,0,0.07074235807860262
2788,0,0,0.09149130832570906
2789,0,1,0.819672131147541
2790,1,0,0.0
2791,1,1,0.5723076923076923
2792,0,0,0.0
2793,0,0,0.3424479166666667
2794,0,1,0.7068403908794788
2795,0,0,0.09149130832570906
2796,0,0,0.013669821240799159
2797,0,0,0.09149130832570906
2798,0,0,0.0
2799,0,0,0.0
2800,0,0,0.0
2801,0,0,0.0
2802,0,0,0.0
2803,0,0,0.013669821240799159
2804,0,0,0.3424479166666667
2805,0,1,0.9184549356223176
2806,0,0,0.0
2807,0,0,0.07074235807860262
2808,0,1,0.5723076923076923
2809,1,0,0.0
2810,0,0,0.07074235807860262
2811,0,0,0.0
2812,0,0,0.013669821240799159
2813,0,0,0.0
2814,0,0,0.07074235807860262
2815,0,0,0.013669821240799159
2816,0,0,0.09149130832570906
2817,1,0,0.0
2818,0,0,0.0
2819,0,0,0.2639593908629442
2820,0,0,0.09149130832570906
2821,1,0,0.013669821240799159
2822,0,1,0.9184549356223176
2823,0,0,0.013669821240799159
2824,0,0,0.09149130832570906
2825,0,0,0.0
2826,1,0,0.0
2827,0,0,0.0
2828,0,1,0.532258064516129
2829,0,0,0.09149130832570906
2830,0,1,0.532258064516129
2831,0,1,0.7068403908794788
2832,0,1,0.7068403908794788
2833,0,0,0.0
2834,1,0,0.013669821240799159
2835,0,0,0.07074235807860262
2836,0,0,0.0
2837,0,1,0.5723076923076923
2838,0,0,0.07074235807860262
2839,0,1,0.5723076923076923
2840,0,0,0.3424479166666667
2841,0,0,0.013669821240799159
2842,0,0,0.013669821240799159
2843,0,0,0.09149130832570906
2844,0,0,0.07074235807860262
2845,0,0,0.14634146341463414
2846,1,0,0.0
2847,0,1,0.532258064516129
2848,0,1,0.5723076923076923
2849,0,0,0.09149130832570906
2850,0,0,0.0
2851,0,0,0.013669821240799159
2852,0,0,0.0
2853,0,0,0.2639593908629442
2854,0,0,0.2639593908629442
2855,0,1,0.7068403908794788
2856,0,0,0.09149130832570906
2857,0,0,0.0
2858,0,0,0.0
2859,0,0,0.0
2860,0,0,0.07074235807860262
2861,0,0,0.013669821240799159
2862,0,1,0.7068403908794788
2863,0,0,0.0
2864,0,0,0.0
2865,0,0,0.013669821240799159
2866,0,0,0.0
2867,0,0,0.0
2868,0,0,0.0
2869,1,0,0.07074235807860262
2870,0,0,0.0
2871,0,1,0.5723076923076923
2872,1,0,0.0
2873,0,0,0.0
2874,1,0,0.3424479166666667
2875,0,0,0.013669821240799159
2876,0,0,0.007575757575757576
2877,0,0,0.0
2878,0,0,0.3424479166666667
2879,0,0,0.013669821240799159
2880,0,0,0.0
2881,0,1,0.7068403908794788
2882,1,0,0.0
2883,0,0,0.07074235807860262
2884,0,0,0.0
2885,0,0,0.013669821240799159
2886,0,1,0.819672131147541
2887,0,0,0.0
2888,0,0,0.0
2889,0,0,0.0
2890,0,0,0.013669821240799159
2891,0,0,0.07074235807860262
2892,1,0,0.0
2893,0,1,0.5723076923076923
2894,0,0,0.013669821240799159
2895,0,0,0.07074235807860262
2896,1,0,0.0
2897,0,0,0.0
2898,0,0,0.013669821240799159
2899,1,0,0.0
2900,0,0,0.09149130832570906
2901,0,0,0.013669821240799159
2902,0,0,0.0
2903,1,0,0.3424479166666667
2904,1,0,0.2639593908629442
2905,0,1,0.5723076923076923
2906,0,0,0.0
2907,0,0,0.0
2908,0,1,0.9184549356223176
2909,0,1,0.9184549356223176
2910,0,0,0.0
2911,1,1,0.9184549356223176
2912,0,1,0.5723076923076923
2913,0,0,0.0
2914,0,0,0.07074235807860262
2915,0,1,0.5723076923076923
2916,0,0,0.0
2917,0,0,0.0
2918,0,0,0.0
2919,1,0,0.0
2920,0,0,0.07074235807860262
2921,1,0,0.0
2922,1,0,0.013669821240799159
2923,0,0,0.0
2924,0,0,0.3424479166666667
2925,0,1,0.9184549356223176
2926,0,0,0.0
2927,1,0,0.07074235807860262
2928,0,0,0.0
2929,0,0,0.3424479166666667
2930,0,0,0.07074235807860262
2931,0,0,0.3424479166666667
2932,0,1,0.532258064516129
2933,0,0,0.07074235807860262
2934,0,0,0.09149130832570906
2935,0,0,0.07074235807860262
2936,0,1,0.532258064516129
2937,1,0,0.0
2938,1,0,0.0
2939,0,0,0.09149130832570906
2940,0,0,0.09149130832570906
2941,0,1,0.532258064516129
2942,0,0,0.013669821240799159
2943,0,0,0.0
2944,0,0,0.2639593908629442
2945,0,0,0.0
2946,0,0,0.09149130832570906
2947,1,0,0.013669821240799159
2948,1,0,0.3424479166666667
2949,0,0,0.013669821240799159
2950,1,0,0.2639593908629442
2951,0,1,0.7068403908794788
2952,0,0,0.3424479166666667
2953,0,0,0.0
2954,0,0,0.0
2955,0,0,0.07074235807860262
2956,0,0,0.007575757575757576
2957,0,0,0.0
2958,0,1,0.819672131147541
2959,0,0,0.0
2960,0,0,0.0
2961,0,0,0.013669821240799159
2962,1,0,0.3424479166666667
2963,0,0,0.07074235807860262
2964,0,0,0.0
2965,1,0,0.013669821240799159
2966,0,0,0.07074235807860262
2967,0,0,0.07074235807860262
2968,0,0,0.013669821240799159
2969,0,0,0.0
2970,0,0,0.09149130832570906
2971,0,0,0.013669821240799159
2972,1,0,0.09149130832570906
2973,1,0,0.3424479166666667
2974,0,0,0.0
2975,0,0,0.09149130832570906
2976,0,0,0.0
2977,1,1,0.7068403908794788
2978,0,0,0.0
2979,0,0,0.0
2980,1,0,0.0
2981,0,0,0.09149130832570906
2982,0,0,0.0
2983,0,0,0.0
2984,0,0,0.0
2985,0,0,0.07074235807860262
2986,0,0,0.0
2987,1,0,0.0
2988,0,0,0.013669821240799159
2989,1,0,0.0
2990,0,0,0.3424479166666667
2991,0,1,0.5723076923076923
2992,1,0,0.07074235807860262
2993,0,0,0.14634146341463414
2994,0,1,0.7068403908794788
2995,0,0,0.013669821240799159
2996,0,0,0.0
2997,0,0,0.0
2998,0,0,0.0
2999,0,0,0.0
3000,0,0,0.3424479166666667
3001,0,0,0.0
3002,0,0,0.0
3003,0,0,0.0
3004,0,0,0.0
3005,0,0,0.0
3006,0,0,0.0
3007,1,0,0.013669821240799159
3008,0,0,0.07074235807860262
3009,1,0,0.09149130832570906
3010,0,0,0.0
3011,0,0,0.09149130832570906
3012,0,0,0.0
3013,0,0,0.013669821240799159
3014,0,0,0.0
3015,0,0,0.0
3016,0,0,0.0
3017,0,1,0.5723076923076923
3018,1,0,0.3424479166666667
3019,0,0,0.2639593908629442
3020,1,0,0.0
3021,0,0,0.07074235807860262
3022,0,0,0.0
3023,0,0,0.0
3024,0,0,0.14634146341463414
3025,0,0,0.0
3026,1,0,0.2639593908629442
3027,0,1,0.5723076923076923
3028,0,0,0.0
3029,0,0,0.013669821240799159
3030,0,0,0.3424479166666667
3031,0,0,0.09149130832570906
3032,0,0,0.3424479166666667
3033,1,0,0.07074235807860262
3034,0,0,0.0
3035,0,0,0.3424479166666667
3036,0,0,0.0
3037,0,1,0.9184549356223176
3038,1,0,0.3424479166666667
3039,0,0,0.07074235807860262
3040,0,1,0.9184549356223176
3041,0,0,0.0
3042,0,0,0.0
3043,0,0,0.0
3044,0,0,0.0
3045,0,0,0.09149130832570906
3046,0,0,0.09149130832570906
3047,0,0,0.0
3048,1,0,0.09149130832570906
3049,0,0,0.007575757575757576
3050,1,0,0.07074235807860262
3051,0,0,0.14634146341463414
3052,0,0,0.09149130832570906
3053,0,0,0.0
3054,0,0,0.09149130832570906
3055,0,0,0.0
3056,0,1,0.9184549356223176
3057,0,0,0.07074235807860262
3058,0,0,0.09149130832570906
3059,0,0,0.07074235807860262
3060,0,1,0.7068403908794788
3061,0,0,0.007575757575757576
3062,0,0,0.013669821240799159
3063,0,0,0.07074235807860262
3064,0,1,0.696969696969697
3065,0,0,0.0
3066,0,0,0.09149130832570906
3067,0,0,0.09149130832570906
3068,0,0,0.0
3069,0,0,0.0
3070,0,0,0.0
3071,0,0,0.0
3072,0,0,0.3424479166666667
3073,0,0,0.07074235807860262
3074,0,0,0.09149130832570906
3075,0,1,0.7068403908794788
3076,0,0,0.09149130832570906
3077,0,0,0.0
3078,0,0,0.0
3079,0,1,0.5723076923076923
3080,1,0,0.0
3081,0,0,0.07074235807860262
3082,0,0,0.0
3083,0,1,0.7068403908794788
3084,0,1,0.532258064516129
3085,0,0,0.0
3086,0,0,0.0
3087,0,1,0.7068403908794788
3088,0,0,0.013669821240799159
3089,0,0,0.0
3090,0,0,0.0
3091,0,0,0.07074235807860262
3092,0,0,0.0
3093,1,0,0.0
3094,1,0,0.013669821240799159
3095,1,0,0.013669821240799159
3096,0,0,0.013669821240799159
3097,1,0,0.07074235807860262
3098,0,0,0.0
3099,1,0,0.0
3100,0,0,0.09149130832570906
3101,0,0,0.07074235807860262
3102,0,0,0.09149130832570906
3103,0,1,0.7068403908794788
3104,0,0,0.09149130832570906
3105,0,0,0.0
3106,1,0,0.09149130832570906
3107,0,0,0.0
3108,0,0,0.09149130832570906
3109,0,0,0.07074235807860262
3110,0,0,0.2639593908629442
3111,1,0,0.013669821240799159
3112,0,0,0.3424479166666667
3113,1,0,0.09149130832570906
3114,0,1,0.9184549356223176
3115,0,0,0.013669821240799159
3116,0,0,0.3424479166666667
3117,1,0,0.07074235807860262
3118,1,1,0.7068403908794788
3119,0,0,0.07074235807860262
3120,1,0,0.07074235807860262
3121,0,0,0.3424479166666667
3122,0,0,0.3424479166666667
3123,0,0,0.0
3124,0,0,0.3424479166666667
3125,1,0,0.07074235807860262
3126,1,0,0.0
3127,0,0,0.3424479166666667
3128,0,0,0.09149130832570906
3129,0,0,0.0
3130,0,0,0.0
3131,0,0,0.0
3132,0,0,0.0
3133,0,1,0.7068403908794788
3134,0,0,0.013669821240799159
3135,0,0,0.09149130832570906
3136,0,0,0.0
3137,0,1,0.819672131147541
3138,0,0,0.013669821240799159
3139,0,0,0.0
3140,0,0,0.0
3141,0,0,0.013669821240799159
3142,0,0,0.0
3143,0,0,0.3424479166666667
3144,0,0,0.013669821240799159
3145,0,0,0.14634146341463414
3146,0,0,0.013669821240799159
3147,0,0,0.09149130832570906
3148,1,0,0.07074235807860262
3149,0,0,0.09149130832570906
3150,0,0,0.0
3151,0,0,0.0
3152,0,0,0.09149130832570906
3153,0,0,0.07074235807860262
3154,0,0,0.07074235807860262
3155,1,0,0.0
3156,0,0,0.0
3157,1,0,0.07074235807860262
3158,0,0,0.3424479166666667
3159,0,0,0.09149130832570906
3160,0,0,0.09149130832570906
3161,1,0,0.07074235807860262
3162,0,0,0.0
3163,0,0,0.0
3164,0,0,0.013669821240799159
3165,0,0,0.0
3166,0,0,0.2639593908629442
3167,0,0,0.3424479166666667
3168,0,0,0.09149130832570906
3169,0,0,0.0
3170,0,0,0.013669821240799159
3171,0,0,0.0
3172,0,0,0.0
3173,1,0,0.09149130832570906
3174,0,0,0.007575757575757576
3175,0,0,0.09149130832570906
3176,1,0,0.0
3177,0,1,0.7068403908794788
3178,0,1,0.819672131147541
3179,0,1,0.696969696969697
3180,0,0,0.16666666666666666
3181,1,0,0.0
3182,1,0,0.0
3183,0,0,0.07074235807860262
3184,0,0,0.09149130832570906
3185,0,0,0.0
3186,0,0,0.0
3187,0,0,0.0
3188,1,1,0.5723076923076923
3189,0,0,0.0
3190,0,1,0.7068403908794788
3191,1,0,0.07074235807860262
3192,0,0,0.013669821240799159
3193,0,0,0.3424479166666667
3194,0,0,0.2639593908629442
3195,0,1,0.9184549356223176
3196,0,0,0.0
3197,0,0,0.0
3198,0,0,0.07074235807860262
3199,0,0,0.0
3200,0,0,0.013669821240799159
3201,0,0,0.0
3202,0,0,0.0
3203,1,0,0.0
3204,0,0,0.07074235807860262
3205,0,1,0.7068403908794788
3206,0,0,0.14634146341463414
3207,0,0,0.0
3208,0,0,0.013669821240799159
3209,0,0,0.09149130832570906
3210,0,0,0.14634146341463414
3211,0,0,0.0
3212,0,1,0.5723076923076923
3213,0,0,0.0
3214,0,0,0.0
3215,0,0,0.09149130832570906
3216,1,0,0.0
3217,0,0,0.09149130832570906
3218,0,0,0.007575757575757576
3219,0,1,0.5723076923076923
3220,0,0,0.013669821240799159
3221,0,0,0.0
3222,0,0,0.0
3223,0,0,0.0
3224,0,0,0.013669821240799159
3225,1,0,0.3424479166666667
3226,0,0,0.09149130832570906
3227,0,0,0.013669821240799159
3228,0,0,0.0
3229,0,0,0.09149130832570906
3230,0,0,0.07074235807860262
3231,0,0,0.0
3232,0,0,0.0
3233,0,0,0.09149130832570906
3234,0,0,0.09149130832570906
3235,0,0,0.013669821240799159
3236,1,0,0.0
3237,0,1,0.5723076923076923
3238,0,0,0.0
3239,0,0,0.07074235807860262
3240,1,0,0.0
3241,0,0,0.007575757575757576
3242,0,0,0.0
3243,0,0,0.14634146341463414
3244,0,0,0.0
3245,0,0,0.09149130832570906
3246,0,0,0.0
3247,0,0,0.07074235807860262
3248,0,1,0.5723076923076923
3249,0,0,0.0
3250,0,0,0.0
3251,0,0,0.09149130832570906
3252,0,0,0.0
3253,0,0,0.07074235807860262
3254,0,1,0.7068403908794788
3255,0,0,0.0
3256,0,0,0.09149130832570906
3257,1,0,0.0
3258,0,0,0.0
3259,0,0,0.013669821240799159
3260,0,0,0.013669821240799159
3261,0,0,0.0
3262,0,1,0.9184549356223176
3263,0,0,0.0
3264,0,0,0.0
3265,0,0,0.0
3266,1,1,0.9184549356223176
3267,0,0,0.2639593908629442
3268,0,0,0.09149130832570906
3269,0,0,0.07074235807860262
3270,0,0,0.07074235807860262
3271,0,0,0.09149130832570906
3272,1,1,0.532258064516129
3273,0,0,0.0
3274,0,0,0.0
3275,0,0,0.14634146341463414
3276,0,0,0.0
3277,0,0,0.07074235807860262
3278,1,0,0.09149130832570906
3279,0,0,0.0
3280,0,1,0.7068403908794788
3281,0,1,0.7068403908794788
3282,0,1,0.7068403908794788
3283,0,0,0.013669821240799159
3284,0,0,0.013669821240799159
3285,0,0,0.07074235807860262
3286,0,0,0.07074235807860262
3287,1,0,0.09149130832570906
3288,0,0,0.07074235807860262
3289,0,0,0.0
3290,0,0,0.09149130832570906
3291,0,0,0.0
3292,0,1,0.7068403908794788
3293,0,0,0.07074235807860262
3294,1,0,0.09149130832570906
3295,1,0,0.0
3296,0,0,0.09149130832570906
3297,0,0,0.07074235807860262
3298,0,0,0.3424479166666667
3299,0,0,0.013669821240799159
3300,0,1,0.9184549356223176
3301,0,0,0.013669821240799159
3302,0,0,0.013669821240799159
3303,0,0,0.3424479166666667
3304,0,0,0.0
3305,0,0,0.0
3306,0,1,0.532258064516129
3307,0,0,0.07074235807860262
3308,0,1,0.7068403908794788
3309,1,0,0.013669821240799159
3310,0,0,0.0
3311,0,1,0.7068403908794788
3312,1,0,0.07074235807860262
3313,0,0,0.013669821240799159
3314,1,0,0.07074235807860262
3315,0,0,0.3424479166666667
3316,0,0,0.007575757575757576
3317,0,0,0.07074235807860262
3318,0,1,0.5723076923076923
3319,0,0,0.3424479166666667
3320,1,0,0.2639593908629442
3321,1,0,0.0
3322,0,1,0.5723076923076923
3323,0,0,0.0
3324,1,0,0.07074235807860262
3325,0,0,0.09149130832570906
3326,0,0,0.0
3327,0,0,0.0
3328,0,0,0.07074235807860262
3329,1,0,0.09149130832570906
3330,0,0,0.09149130832570906
3331,0,1,0.7068403908794788
3332,0,0,0.07074235807860262
3333,0,1,0.5723076923076923
3334,0,0,0.013669821240799159
3335,0,0,0.09149130832570906
3336,0,0,0.0
3337,0,0,0.0
3338,0,1,0.819672131147541
3339,1,0,0.0
3340,0,1,0.9184549356223176
3341,1,1,0.9184549356223176
3342,0,0,0.013669821240799159
3343,0,0,0.07074235807860262
3344,0,0,0.07074235807860262
3345,0,0,0.0
3346,0,0,0.09149130832570906
3347,0,0,0.0
3348,0,0,0.07074235807860262
3349,1,0,0.0
3350,0,0,0.0
3351,0,0,0.07074235807860262
3352,0,0,0.3424479166666667
3353,0,0,0.0
3354,0,1,0.532258064516129
3355,0,0,0.013669821240799159
3356,0,0,0.09149130832570906
3357,0,0,0.3424479166666667
3358,0,1,0.7068403908794788
3359,0,0,0.09149130832570906
3360,0,0,0.013669821240799159
3361,1,0,0.013669821240799159
3362,0,0,0.013669821240799159
3363,0,0,0.09149130832570906
3364,0,0,0.0
3365,0,0,0.0
3366,0,0,0.3424479166666667
3367,0,0,0.0
3368,0,0,0.0
3369,0,0,0.09149130832570906
3370,0,1,0.5723076923076923
3371,0,0,0.0
3372,0,0,0.013669821240799159
3373,0,0,0.013669821240799159
3374,0,0,0.3424479166666667
3375,0,0,0.0
3376,0,1,0.532258064516129
3377,0,0,0.09149130832570906
3378,0,0,0.2639593908629442
3379,0,0,0.0
3380,0,0,0.013669821240799159
3381,1,0,0.09149130832570906
3382,0,0,0.09149130832570906
3383,1,0,0.09149130832570906
3384,0,0,0.0
3385,0,0,0.0
3386,0,0,0.0
3387,0,0,0.0
3388,0,0,0.0
3389,0,0,0.0
3390,0,0,0.0
3391,0,0,0.0
3392,0,0,0.0
3393,0,1,0.7068403908794788
3394,0,0,0.0
3395,0,1,0.7068403908794788
3396,0,1,0.696969696969697
3397,0,0,0.07074235807860262
3398,0,0,0.0
3399,1,0,0.0
3400,0,0,0.0
3401,0,0,0.0
3402,1,0,0.09149130832570906
3403,0,0,0.0
3404,0,0,0.013669821240799159
3405,0,0,0.0
3406,0,0,0.0
3407,0,0,0.07074235807860262
3408,0,0,0.09149130832570906
3409,0,0,0.09149130832570906
3410,0,0,0.2639593908629442
3411,0,0,0.0
3412,0,0,0.0
3413,0,0,0.3424479166666667
3414,0,0,0.09149130832570906
3415,0,1,0.9184549356223176
3416,0,0,0.07074235807860262
3417,0,0,0.0
3418,0,0,0.0
3419,0,1,0.819672131147541
3420,0,0,0.0
3421,1,0,0.0
3422,0,0,0.0
3423,0,0,0.0
3424,0,0,0.013669821240799159
3425,0,0,0.07074235807860262
3426,0,0,0.0
3427,0,0,0.07074235807860262
3428,0,0,0.013669821240799159
3429,1,0,0.0
3430,0,0,0.013669821240799159
3431,0,0,0.0
3432,0,0,0.09149130832570906
3433,0,0,0.3424479166666667
3434,1,0,0.0
3435,1,0,0.3424479166666667
3436,0,0,0.0
3437,1,0,0.0
3438,1,0,0.0
3439,1,1,0.9184549356223176
3440,1,0,0.07074235807860262
3441,0,0,0.07074235807860262
3442,0,1,0.696969696969697
3443,0,1,0.9184549356223176
3444,0,0,0.07074235807860262
3445,0,0,0.07074235807860262
3446,1,0,0.0
3447,0,0,0.14634146341463414
3448,1,1,0.7068403908794788
3449,0,1,0.5723076923076923
3450,0,0,0.3424479166666667
3451,0,0,0.09149130832570906
3452,0,0,0.0
3453,0,0,0.0
3454,0,0,0.013669821240799159
3455,1,0,0.09149130832570906
3456,0,0,0.0
3457,0,1,0.532258064516129
3458,0,0,0.0
3459,1,0,0.007575757575757576
3460,1,0,0.013669821240799159
3461,1,0,0.0
3462,0,0,0.0
3463,0,0,0.0
3464,0,0,0.0
3465,0,0,0.3424479166666667
3466,0,0,0.013669821240799159
3467,0,0,0.2639593908629442
3468,0,0,0.0
3469,0,0,0.0
3470,1,0,0.013669821240799159
3471,1,0,0.0
3472,0,0,0.013669821240799159
3473,1,0,0.013669821240799159
3474,0,0,0.0
3475,0,0,0.0
3476,0,0,0.007575757575757576
3477,0,0,0.0
3478,0,0,0.07074235807860262
3479,0,0,0.09149130832570906
3480,1,0,0.0
3481,0,0,0.0
3482,0,0,0.013669821240799159
3483,0,1,0.532258064516129
3484,0,0,0.013669821240799159
3485,0,0,0.0
3486,0,0,0.0
3487,0,0,0.3424479166666667
3488,0,0,0.0
3489,0,0,0.07074235807860262
3490,0,0,0.07074235807860262
3491,0,1,0.5723076923076923
3492,0,0,0.09149130832570906
3493,0,0,0.0
3494,1,1,0.5723076923076923
3495,0,0,0.0
3496,0,0,0.0
3497,0,1,0.5723076923076923
3498,0,0,0.0
3499,0,1,0.7068403908794788
3500,0,1,0.7068403908794788
3501,0,0,0.0
3502,0,0,0.0
3503,0,0,0.07074235807860262
3504,0,0,0.0
3505,0,0,0.0
3506,0,1,0.819672131147541
3507,0,0,0.0
3508,0,0,0.0
3509,0,0,0.0
3510,0,0,0.3424479166666667
3511,0,0,0.2639593908629442
3512,0,0,0.09149130832570906
3513,0,0,0.09149130832570906
3514,0,0,0.3424479166666667
3515,0,0,0.09149130832570906
3516,0,0,0.0
3517,0,0,0.3424479166666667
3518,0,0,0.0
3519,0,0,0.0
3520,0,0,0.09149130832570906
3521,0,1,0.5723076923076923
3522,0,0,0.07074235807860262
3523,0,0,0.3424479166666667
3524,0,0,0.09149130832570906
3525,0,1,0.5723076923076923
3526,0,0,0.3424479166666667
3527,0,0,0.3424479166666667
3528,0,0,0.013669821240799159
3529,0,0,0.3424479166666667
3530,0,0,0.0
3531,0,0,0.0
3532,0,0,0.0
3533,0,0,0.3424479166666667
3534,0,0,0.0
3535,0,0,0.09149130832570906
3536,1,0,0.0
3537,1,0,0.0
3538,0,0,0.09149130832570906
3539,0,1,0.532258064516129
3540,0,0,0.3424479166666667
3541,0,1,0.532258064516129
3542,0,0,0.07074235807860262
3543,0,0,0.013669821240799159
3544,1,0,0.09149130832570906
3545,0,0,0.013669821240799159
3546,0,0,0.2639593908629442
3547,0,0,0.013669821240799159
3548,0,1,0.532258064516129
3549,0,0,0.14634146341463414
3550,0,0,0.0
3551,0,0,0.07074235807860262
3552,0,0,0.09149130832570906
3553,0,0,0.0
3554,0,0,0.09149130832570906
3555,0,0,0.07074235807860262
3556,0,0,0.007575757575757576
3557,1,0,0.07074235807860262
3558,0,0,0.013669821240799159
3559,1,0,0.0
3560,0,0,0.09149130832570906
3561,0,0,0.07074235807860262
3562,0,0,0.09149130832570906
3563,1,0,0.3424479166666667
3564,0,0,0.07074235807860262
3565,0,0,0.09149130832570906
3566,0,1,0.819672131147541
3567,0,0,0.07074235807860262
3568,0,0,0.0
3569,1,0,0.013669821240799159
3570,0,0,0.0
3571,0,0,0.0
3572,0,0,0.0
3573,0,0,0.07074235807860262
3574,0,0,0.013669821240799159
3575,0,0,0.3424479166666667
3576,0,0,0.14634146341463414
3577,0,0,0.013669821240799159
3578,1,0,0.0
3579,0,1,0.5723076923076923
3580,0,0,0.07074235807860262
3581,0,0,0.0
3582,1,0,0.013669821240799159
3583,0,0,0.3424479166666667
3584,0,1,0.5723076923076923
3585,1,1,0.5723076923076923
3586,0,0,0.3424479166666667
3587,0,0,0.09149130832570906
3588,0,0,0.09149130832570906
3589,0,0,0.3424479166666667
3590,0,0,0.2639593908629442
3591,0,1,0.532258064516129
3592,0,0,0.0
3593,0,0,0.07074235807860262
3594,0,0,0.0
3595,1,1,0.5723076923076923
3596,0,0,0.0
3597,0,0,0.0
3598,1,0,0.2639593908629442
3599,0,1,0.819672131147541
3600,1,0,0.2639593908629442
3601,0,0,0.3424479166666667
3602,0,0,0.0
3603,0,0,0.0
3604,0,0,0.013669821240799159
3605,0,0,0.0
3606,0,0,0.0
3607,0,1,0.7068403908794788
3608,0,0,0.0
3609,0,0,0.0
3610,1,0,0.0
3611,0,0,0.07074235807860262
3612,0,0,0.0
3613,1,0,0.07074235807860262
3614,0,0,0.0
3615,0,1,0.9184549356223176
3616,1,0,0.14634146341463414
3617,0,0,0.0
3618,0,1,0.5723076923076923
3619,0,0,0.14634146341463414
3620,0,0,0.0
3621,0,1,0.696969696969697
3622,0,0,0.0
3623,0,0,0.0
3624,0,0,0.0
3625,0,0,0.0
3626,0,0,0.3424479166666667
3627,0,0,0.09149130832570906
3628,0,0,0.0
3629,0,0,0.013669821240799159
3630,0,0,0.013669821240799159
3631,0,0,0.09149130832570906
3632,0,0,0.09149130832570906
3633,0,0,0.013669821240799159
3634,0,0,0.09149130832570906
3635,0,0,0.0
3636,0,0,0.013669821240799159
3637,0,0,0.0
3638,0,0,0.0
3639,0,0,0.3424479166666667
3640,1,1,0.819672131147541
3641,0,1,0.5723076923076923
3642,0,0,0.0
3643,1,0,0.09149130832570906
3644,0,0,0.09149130832570906
3645,0,0,0.07074235807860262
3646,0,0,0.3424479166666667
3647,0,0,0.3424479166666667
3648,0,0,0.0
3649,0,0,0.09149130832570906
3650,0,0,0.0
3651,0,0,0.07074235807860262
3652,0,0,0.07074235807860262
3653,0,0,0.07074235807860262
3654,0,0,0.07074235807860262
3655,0,0,0.007575757575757576
3656,0,0,0.013669821240799159
3657,0,0,0.0
3658,0,0,0.3424479166666667
3659,0,0,0.14634146341463414
3660,0,0,0.07074235807860262
3661,1,0,0.07074235807860262
3662,0,0,0.007575757575757576
3663,0,0,0.3424479166666667
3664,0,0,0.07074235807860262
3665,0,0,0.0
3666,0,0,0.09149130832570906
3667,0,1,0.7068403908794788
3668,0,0,0.0
3669,1,0,0.3424479166666667
3670,0,0,0.013669821240799159
3671,0,1,0.696969696969697
3672,0,0,0.07074235807860262
3673,0,0,0.0
3674,0,0,0.09149130832570906
3675,0,0,0.0
3676,0,1,0.5723076923076923
3677,1,0,0.07074235807860262
3678,0,0,0.0
3679,0,0,0.013669821240799159
3680,0,0,0.013669821240799159
3681,0,0,0.3424479166666667
3682,0,0,0.0
3683,1,1,0.819672131147541
3684,0,1,0.9184549356223176
3685,1,0,0.013669821240799159
3686,0,0,0.07074235807860262
3687,0,0,0.2639593908629442
3688,0,0,0.07074235807860262
3689,1,0,0.07074235807860262
3690,0,0,0.09149130832570906
3691,1,0,0.3424479166666667
3692,0,0,0.013669821240799159
3693,0,0,0.09149130832570906
3694,0,0,0.0
3695,0,0,0.09149130832570906
3696,0,0,0.0
3697,0,0,0.3424479166666667
3698,0,0,0.0
